Autor;Titel;OCR-Absatz;Passage;Aussage;Code des Typs;Annotator*in;Anmerkung;E1;Relation;E2;POST
Bauer-Funke, Cerstin;Die französische Literatur des 18. Jahrhunderts: Theorien und Entwürfe;2021-04-03 00:00:00;Dieser Literaturstreit ist 1687 anläßlich des von <e1>Charles Perrault</e1> (1628-1703) in der Académie française vorgetragenen Gedichts „Le siècle de Louis le Grand“ entbrannt, weil Perrault darin erstmalig die Überlegenheit der Epoche des Sonnenkönigs gegenüber derjenigen des Augustus herausstellt.;Charles Perrault topicInterest Barock;topicInterest;SH;;Charles Perrault;;Not Found;ND
Bauer-Funke, Cerstin;Die französische Literatur des 18. Jahrhunderts: Theorien und Entwürfe;2021-04-03 00:00:00;Dieser Literaturstreit ist 1687 anläßlich des von Charles Perrault (1628-1703) in der Académie française vorgetragenen Gedichts „<e1>Le siècle de Louis le Grand</e1>“ entbrannt, weil Perrault darin erstmalig die Überlegenheit der Epoche des Sonnenkönigs gegenüber derjenigen des Augustus herausstellt.;Le siècle de Louis le Grand about Barock;about;SH;;Le siècle de Louis le Grand;;Not Found;ND
Bauer-Funke, Cerstin;Die französische Literatur des 18. Jahrhunderts: Theorien und Entwürfe;4;Auch <e1>Fontenelle</e1><rel>(1657-1757), der in seiner 1688 verfaßten „Digression sur les anciens et les modernes“ die Überlegungen Perraults weiterentwickelt und erstmals ein lineares, </rel><e2>fortschrittsorientiertes Geschichtsbewußtsein</e2> vertritt, greift in seinen erst 1742 publizierten „Réflexions sur la poétique“ die Regeln der doctrine classique an.;Bernard le Bovier de Fontenelle topicInterest Fortschritt;topicInterest;SH;;Fontenelle;(1657-1757), der in seiner 1688 verfaßten „Digression sur les anciens et les modernes“ die Überlegungen Perraults weiterentwickelt und erstmals ein lineares, ;fortschrittsorientiertes Geschichtsbewußtsein;
Bauer-Funke, Cerstin;Die französische Literatur des 18. Jahrhunderts: Theorien und Entwürfe;4;Auch Fontenelle (1657-1757), der in seiner 1688 verfaßten „<e1>Digression sur les anciens et les modernes</e1><rel> die Überlegungen Perraults weiterentwickelt und erstmals ein lineares, </rel><e2>fortschrittsorientiertes Geschichtsbewußtsein</e2> vertritt, greift in seinen erst 1742 publizierten „Réflexions sur la poétique“ die Regeln der doctrine classique an.;Digression sur les anciens et les modernes about Fortschritt;about;SH;;Digression sur les anciens et les modernes; die Überlegungen Perraults weiterentwickelt und erstmals ein lineares, ;fortschrittsorientiertes Geschichtsbewußtsein;
Bauer-Funke, Cerstin;Die französische Literatur des 18. Jahrhunderts: Theorien und Entwürfe;4;Auch <e1>Fontenelle</e1><rel>(1657-1757), der in seiner 1688 verfaßten „Digression sur les anciens et les modernes“ die Überlegungen Perraults weiterentwickelt und erstmals ein lineares, fortschrittsorientiertes </rel><e2>Geschichtsbewußtsein</e2> vertritt, greift in seinen erst 1742 publizierten „Réflexions sur la poétique“ die Regeln der doctrine classique an.;Bernard le Bovier de Fontenelle topicInterest Geschichte;topicInterest;SH;;Fontenelle;(1657-1757), der in seiner 1688 verfaßten „Digression sur les anciens et les modernes“ die Überlegungen Perraults weiterentwickelt und erstmals ein lineares, fortschrittsorientiertes ;Geschichtsbewußtsein;
Bauer-Funke, Cerstin;Die französische Literatur des 18. Jahrhunderts: Theorien und Entwürfe;4;Auch Fontenelle (1657-1757), der in seiner 1688 verfaßten „Digression sur les anciens et les modernes“ die Überlegungen Perraults weiterentwickelt und erstmals ein lineares, fortschrittsorientiertes <e2>Geschichtsbewußtsein</e2><rel>vertritt, greift in seinen erst 1742 publizierten „</rel><e1>Réflexions sur la poétique</e1>“ die Regeln der doctrine classique an.;Réflexions sur la poétique about Geschichte;about;SH;;Réflexions sur la poétique;vertritt, greift in seinen erst 1742 publizierten „;Geschichtsbewußtsein;
Bauer-Funke, Cerstin;Die französische Literatur des 18. Jahrhunderts: Theorien und Entwürfe;4;Auch <e1>Fontenelle</e1><rel>(1657-1757), der in seiner 1688 verfaßten „Digression sur les anciens et les modernes“ die Überlegungen Perraults weiterentwickelt und erstmals ein lineares, fortschrittsorientiertes Geschichtsbewußtsein vertritt, greift in seinen erst 1742 publizierten „Réflexions sur la poétique“ die Regeln der </rel><e2>doctrine classique</e2> an.;Bernard le Bovier de Fontenelle topicInterest doctrine classique;topicInterest;SH;*Themenvorschlag;Fontenelle;(1657-1757), der in seiner 1688 verfaßten „Digression sur les anciens et les modernes“ die Überlegungen Perraults weiterentwickelt und erstmals ein lineares, fortschrittsorientiertes Geschichtsbewußtsein vertritt, greift in seinen erst 1742 publizierten „Réflexions sur la poétique“ die Regeln der ;doctrine classique;
Bauer-Funke, Cerstin;Die französische Literatur des 18. Jahrhunderts: Theorien und Entwürfe;4;Auch Fontenelle (1657-1757), der in seiner 1688 verfaßten „Digression sur les anciens et les modernes“ die Überlegungen Perraults weiterentwickelt und erstmals ein lineares, fortschrittsorientiertes Geschichtsbewußtsein vertritt, greift in seinen erst 1742 publizierten „<e1>Réflexions sur la poétique</e1><rel> die Regeln der </rel><e2>doctrine classique</e2> an.;Réflexions sur la poétique about doctrine classique;about;SH;;Réflexions sur la poétique; die Regeln der ;doctrine classique;
Bauer-Funke, Cerstin;Die französische Literatur des 18. Jahrhunderts: Theorien und Entwürfe;4;Wie Fontenelle betont <e1>Perrault</e1><rel>in dem „Parallèle des anciens et des modernes“ (1688-1697) ein </rel><e2>fortschrittsorientiertes Geschichts- und Literaturverständnis</e2>, das erneut die Überlegenheit der gegenwärtigen Epoche und der zeitgenössischen Literatur der Antike gegenüber zeigt.;Charles Perrault topicInterest Fortschritt;topicInterest;SH;;Perrault;in dem „Parallèle des anciens et des modernes“ (1688-1697) ein ;fortschrittsorientiertes Geschichts- und Literaturverständnis;
Bauer-Funke, Cerstin;Die französische Literatur des 18. Jahrhunderts: Theorien und Entwürfe;4;Wie Fontenelle betont Perraultin dem „<e1>Parallèle des anciens et des modernes</e1><rel>“ (1688-1697) ein </rel><e2>fortschrittsorientiertes Geschichts- und Literaturverständnis</e2>, das erneut die Überlegenheit der gegenwärtigen Epoche und der zeitgenössischen Literatur der Antike gegenüber zeigt.;Parallèle des anciens et des modernes about Fortschritt;about;SH;;Parallèle des anciens et des modernes; (1688-1697) ein ;fortschrittsorientiertes Geschichts- und Literaturverständnis;
Bauer-Funke, Cerstin;Die französische Literatur des 18. Jahrhunderts: Theorien und Entwürfe;4;Wie Fontenelle betont <e1>Perrault</e1><rel>in dem „Parallèle des anciens et des modernes“ (1688-1697) ein fortschrittsorientiertes </rel><e2>Geschichts- und Literaturverständnis</e2>, das erneut die Überlegenheit der gegenwärtigen Epoche und der zeitgenössischen Literatur der Antike gegenüber zeigt.;Charles Perrault topicInterest Geschichte;topicInterest;SH;;Perrault;in dem „Parallèle des anciens et des modernes“ (1688-1697) ein fortschrittsorientiertes ;Geschichts- und Literaturverständnis;
Bauer-Funke, Cerstin;Die französische Literatur des 18. Jahrhunderts: Theorien und Entwürfe;4;Wie Fontenelle betont Perrault in dem „<e1>Parallèle des anciens et des modernes</e1><rel> (1688-1697) ein fortschrittsorientiertes </rel><e2>Geschichts- und Literaturverständnis</e2>, das erneut die Überlegenheit der gegenwärtigen Epoche und der zeitgenössischen Literatur der Antike gegenüber zeigt.;Parallèle des anciens et des modernes about Geschichte;about;SH;;Parallèle des anciens et des modernes; (1688-1697) ein fortschrittsorientiertes ;Geschichts- und Literaturverständnis;
Bauer-Funke, Cerstin;Die französische Literatur des 18. Jahrhunderts: Theorien und Entwürfe;4;Wie Fontenelle betont <e1>Perrault</e1><rel>in dem „Parallèle des anciens et des modernes“ (1688-1697) ein fortschrittsorientiertes Geschichts- und </rel><e2>Literaturverständnis</e2>, das erneut die Überlegenheit der gegenwärtigen Epoche und der zeitgenössischen Literatur der Antike gegenüber zeigt.;Charles Perrault topicInterest Literatur;topicInterest;SH;;Perrault;in dem „Parallèle des anciens et des modernes“ (1688-1697) ein fortschrittsorientiertes Geschichts- und ;Literaturverständnis;
Bauer-Funke, Cerstin;Die französische Literatur des 18. Jahrhunderts: Theorien und Entwürfe;4;Wie Fontenelle betont Perrault in dem „<e1>Parallèle des anciens et des modernes</e1><rel> (1688-1697) ein fortschrittsorientiertes Geschichts- und </rel><e2>Literaturverständnis</e2>, das erneut die Überlegenheit der gegenwärtigen Epoche und der zeitgenössischen Literatur der Antike gegenüber zeigt.;Parallèle des anciens et des modernes about Literatur;about;SH;;Parallèle des anciens et des modernes; (1688-1697) ein fortschrittsorientiertes Geschichts- und ;Literaturverständnis;
Bauer-Funke, Cerstin;Die französische Literatur des 18. Jahrhunderts: Theorien und Entwürfe;6;Ausdruck dieses neuen, gegen die rationale <e2>Ästhetik</e2><rel>der französischen Klassik gerichteten Kunstverständnisses sind die „</rel><e1>Réflexions critiques sur la poésie et la peinture</e1>“ (1719) des Abbe Dubos (1670-1742), der den ästhetischen Wert des Schönen nun am subjektiven Geschmacksurteil des Betrachters eines Kunstwerkes festmacht.;Réflexions critiques sur la poésie et la peinture about Ästhetik;about;SH;;Réflexions critiques sur la poésie et la peinture;der französischen Klassik gerichteten Kunstverständnisses sind die „;Ästhetik;
Bauer-Funke, Cerstin;Die französische Literatur des 18. Jahrhunderts: Theorien und Entwürfe;6;Ausdruck dieses neuen, gegen die rationale Ästhetik der französischen Klassik gerichteten <e2>Kunstverständnisses</e2><rel>sind die „</rel><e1>Réflexions critiques sur la poésie et la peinture</e1>“ (1719) des Abbe Dubos (1670-1742), der den ästhetischen Wert des Schönen nun am subjektiven Geschmacksurteil des Betrachters eines Kunstwerkes festmacht.;Réflexions critiques sur la poésie et la peinture about Kunst;about;SH;;Réflexions critiques sur la poésie et la peinture;sind die „;Kunstverständnisses;
Bauer-Funke, Cerstin;Die französische Literatur des 18. Jahrhunderts: Theorien und Entwürfe;6;Ausdruck dieses neuen, gegen die rationale <e2>Ästhetik</e2><rel>der französischen Klassik gerichteten Kunstverständnisses sind die „Réflexions critiques sur la poésie et la peinture“ (1719) des Abbe </rel><e1>Dubos</e1> (1670-1742), der den ästhetischen Wert des Schönen nun am subjektiven Geschmacksurteil des Betrachters eines Kunstwerkes festmacht.;Jean-Baptiste Dubos topicInterest Ästhetik;topicInterest;SH;;Dubos;der französischen Klassik gerichteten Kunstverständnisses sind die „Réflexions critiques sur la poésie et la peinture“ (1719) des Abbe ;Ästhetik;
Bauer-Funke, Cerstin;Die französische Literatur des 18. Jahrhunderts: Theorien und Entwürfe;6;Ausdruck dieses neuen, gegen die rationale Ästhetik der französischen Klassik gerichteten <e2>Kunstverständnisses</e2><rel>sind die „Réflexions critiques sur la poésie et la peinture“ (1719) des Abbe </rel><e1>Dubos</e1> (1670-1742), der den ästhetischen Wert des Schönen nun am subjektiven Geschmacksurteil des Betrachters eines Kunstwerkes festmacht.;Jean-Baptiste Dubos topicInterest Kunst;topicInterest;SH;;Dubos;sind die „Réflexions critiques sur la poésie et la peinture“ (1719) des Abbe ;Kunstverständnisses;
Bauer-Funke, Cerstin;Die französische Literatur des 18. Jahrhunderts: Theorien und Entwürfe;7;Wie stark das 18. Jh. einerseits noch von der Ästhetik der französischen Klassik geprägt ist, andererseits sich aber bereits im Ablösungsprozeß von der doctrine classqiue befindet, belegt exemplarisch <e1>Voltaire</e1><rel> kritischsatirischer „Temple du goût“ (1733), eine in Vers und Prosa abgefaßte allegorische Reise zum Tempel des guten </rel><e2>Geschmacks</e2>, die als literaturkritischer Essay zu lesen ist.;Voltaire topicInterest Geschmack;topicInterest;SH;;Voltaire; kritischsatirischer „Temple du goût“ (1733), eine in Vers und Prosa abgefaßte allegorische Reise zum Tempel des guten ;Geschmacks;
Bauer-Funke, Cerstin;Die französische Literatur des 18. Jahrhunderts: Theorien und Entwürfe;7;Wie stark das 18. Jh. einerseits noch von der Ästhetik der französischen Klassik geprägt ist, andererseits sich aber bereits im Ablösungsprozeß von der doctrine classqiue befindet, belegt exemplarisch <e1>Voltaire</e1><rel> </rel><e2>kritischsatirischer </e2>„Temple du goût“ (1733), eine in Vers und Prosa abgefaßte allegorische Reise zum Tempel des guten Geschmacks, die als literaturkritischer Essay zu lesen ist.;Voltaire topicInterest Kritik;topicInterest;SH;;Voltaire; ;kritischsatirischer ;RTS
Bauer-Funke, Cerstin;Die französische Literatur des 18. Jahrhunderts: Theorien und Entwürfe;7;Wie stark das 18. Jh. einerseits noch von der Ästhetik der französischen Klassik geprägt ist, andererseits sich aber bereits im Ablösungsprozeß von der doctrine classqiue befindet, belegt exemplarisch Voltaires kritischsatirischer „<e1>Temple du goût</e1><rel> (1733), eine in Vers und Prosa abgefaßte allegorische Reise zum Tempel des guten </rel><e2>Geschmacks</e2>, die als literaturkritischer Essay zu lesen ist.;Temple du goût about Geschmack;about;SH;;Temple du goût; (1733), eine in Vers und Prosa abgefaßte allegorische Reise zum Tempel des guten ;Geschmacks;
Bauer-Funke, Cerstin;Die französische Literatur des 18. Jahrhunderts: Theorien und Entwürfe;7;Wie stark das 18. Jh. einerseits noch von der Ästhetik der französischen Klassik geprägt ist, andererseits sich aber bereits im Ablösungsprozeß von der doctrine classqiue befindet, belegt exemplarisch Voltaires <e2>kritischsatirischer </e2><rel></rel><e1>Temple du goût</e1>“ (1733), eine in Vers und Prosa abgefaßte allegorische Reise zum Tempel des guten Geschmacks, die als literaturkritischer Essay zu lesen ist.;Temple du goût about Kritik;about;SH;;Temple du goût;;kritischsatirischer ;RTS
Bauer-Funke, Cerstin;Die französische Literatur des 18. Jahrhunderts: Theorien und Entwürfe;7;[Während <e1>Voltaire</e1><rel> Zeitgenossen Houdar de La Motte, Marivaux und Jean Baptiste Rousseau der Zutritt zum Altar verweigert wird, dürfen die großen Schriftsteller der französischen Klassik - Fénelon, Bossuet, Corneille, Racine, La Fontaine, Boileau und Molière -den innersten Tempelbereich betreten, sind jedoch angewiesen, ihre Werke im Sinne des guten </rel><e2>Geschmacks</e2> zu überarbeiten.] Diesen definiert Voltaire mit Begriffen wie Reinheit, Eleganz und Einfachheit, wobei er im Kern auf Dubos’ sensualistische Geschmacksdefinition rekurriert, eine Definition, auf die er in seinem für die „Encyclopédie“ verfaßten Artikel „Goût“ (1756) und in dem entsprechenden Artikel im „Dictionnaire philosophique“ (1770) zurückkommt.;Voltaire topicInterest Geschmack;topicInterest;SH;;Voltaire; Zeitgenossen Houdar de La Motte, Marivaux und Jean Baptiste Rousseau der Zutritt zum Altar verweigert wird, dürfen die großen Schriftsteller der französischen Klassik - Fénelon, Bossuet, Corneille, Racine, La Fontaine, Boileau und Molière -den innersten Tempelbereich betreten, sind jedoch angewiesen, ihre Werke im Sinne des guten ;Geschmacks;
Bauer-Funke, Cerstin;Die französische Literatur des 18. Jahrhunderts: Theorien und Entwürfe;7;[Während Voltaires Zeitgenossen Houdar de La Motte, Marivaux und Jean Baptiste Rousseau der Zutritt zum Altar verweigert wird, dürfen die großen Schriftsteller der französischen Klassik - Fénelon, Bossuet, Corneille, Racine, La Fontaine, Boileau und Molière -den innersten Tempelbereich betreten, sind jedoch angewiesen, ihre Werke im Sinne des guten Geschmackszu überarbeiten.] Diesen definiert Voltaire mit Begriffen wie Reinheit, Eleganz und Einfachheit, wobei er im Kern auf Dubos’ sensualistische <e2>Geschmacksdefinition</e2><rel> rekurriert, eine Definition, auf die er in seinem für die „Encyclopédie“ verfaßten Artikel „</rel><e1>Goût</e1>“ (1756) und in dem entsprechenden Artikel im „Dictionnaire philosophique“ (1770) zurückkommt.;Goût about Geschmack;about;SH;;Goût; rekurriert, eine Definition, auf die er in seinem für die „Encyclopédie“ verfaßten Artikel „;Geschmacksdefinition;
Bauer-Funke, Cerstin;Die französische Literatur des 18. Jahrhunderts: Theorien und Entwürfe;7;[Während Voltaires Zeitgenossen Houdar de La Motte, Marivaux und Jean Baptiste Rousseau der Zutritt zum Altar verweigert wird, dürfen die großen Schriftsteller der französischen Klassik - Fénelon, Bossuet, Corneille, Racine, La Fontaine, Boileau und Molière -den innersten Tempelbereich betreten, sind jedoch angewiesen, ihre Werke im Sinne des guten Geschmackszu überarbeiten.] Diesen definiert Voltaire mit Begriffen wie Reinheit, Eleganz und Einfachheit, wobei er im Kern auf Dubos’ sensualistische <e2>Geschmacksdefinition</e2><rel> rekurriert, eine Definition, auf die er in seinem für die „Encyclopédie“ verfaßten Artikel „Goût“ (1756) und in dem entsprechenden Artikel im „</rel><e1>Dictionnaire philosophique</e1>“ (1770) zurückkommt.;Dictionnaire philosophique about Geschmack;about;SH;;Dictionnaire philosophique; rekurriert, eine Definition, auf die er in seinem für die „Encyclopédie“ verfaßten Artikel „Goût“ (1756) und in dem entsprechenden Artikel im „;Geschmacksdefinition;
Bauer-Funke, Cerstin;Die französische Literatur des 18. Jahrhunderts: Theorien und Entwürfe;8;Unter Bezugnahme auf die doctrine classique und die drei Einheiten verortet <e1>Charles Batteux</e1><rel>in seinem kunsttheoretischen Werk „Les beaux-arts réduits à un meme principe“ (1746) die </rel><e2>Literatur</e2> im System der schönen Künste, die er auf ein Grundgesetz - die Nachahmung der Natur - zurückführt.;Charles Batteux topicInterest Literatur;topicInterest;SH;;Charles Batteux;in seinem kunsttheoretischen Werk „Les beaux-arts réduits à un meme principe“ (1746) die ;Literatur;
Bauer-Funke, Cerstin;Die französische Literatur des 18. Jahrhunderts: Theorien und Entwürfe;8;Unter Bezugnahme auf die doctrine classique und die drei Einheiten verortet <e1>Charles Batteux</e1><rel>in seinem </rel><e2>kunsttheoretischen Werk</e2> „Les beaux-arts réduits à un meme principe“ (1746) die Literatur im System der schönen Künste, die er auf ein Grundgesetz - die Nachahmung der Natur - zurückführt.;Charles Batteux topicInterest Kunst;topicInterest;SH;;Charles Batteux;in seinem ;kunsttheoretischen Werk;
Bauer-Funke, Cerstin;Die französische Literatur des 18. Jahrhunderts: Theorien und Entwürfe;8;Unter Bezugnahme auf die doctrine classique und die drei Einheiten verortet <e1>Charles Batteux</e1><rel>in seinem kunsttheoretischen Werk „Les beaux-arts réduits à un meme principe“ (1746) die Literatur im System der schönen Künste, die er auf ein Grundgesetz - die Nachahmung der </rel><e2>Natur</e2> - zurückführt.;Charles Batteux topicInterest Natur;topicInterest;SH;;Charles Batteux;in seinem kunsttheoretischen Werk „Les beaux-arts réduits à un meme principe“ (1746) die Literatur im System der schönen Künste, die er auf ein Grundgesetz - die Nachahmung der ;Natur;
Bauer-Funke, Cerstin;Die französische Literatur des 18. Jahrhunderts: Theorien und Entwürfe;8;Unter Bezugnahme auf die doctrine classique und die drei Einheiten verortet Charles Batteux in seinem kunsttheoretischen Werk „<e1>Les beaux-arts réduits à un meme principe</e1><rel> (1746) die </rel><e2>Literatur</e2> im System der schönen Künste, die er auf ein Grundgesetz - die Nachahmung der Natur - zurückführt.;Les beaux-arts réduits à un meme principe about Literatur;about;SH;;Les beaux-arts réduits à un meme principe; (1746) die ;Literatur;
Bauer-Funke, Cerstin;Die französische Literatur des 18. Jahrhunderts: Theorien und Entwürfe;8;Unter Bezugnahme auf die doctrine classique und die drei Einheiten verortet Charles Batteux in seinem <e2>kunsttheoretischen Werk</e2><rel>„</rel><e1>Les beaux-arts réduits à un meme principe</e1>“ (1746) die Literatur im System der schönen Künste, die er auf ein Grundgesetz - die Nachahmung der Natur - zurückführt.;Les beaux-arts réduits à un meme principe about Kunst;about;SH;;Les beaux-arts réduits à un meme principe;„;kunsttheoretischen Werk;
Bauer-Funke, Cerstin;Die französische Literatur des 18. Jahrhunderts: Theorien und Entwürfe;8;Unter Bezugnahme auf die doctrine classique und die drei Einheiten verortet Charles Batteux in seinem kunsttheoretischen Werk „<e1>Les beaux-arts réduits à un meme principe</e1><rel> (1746) die Literatur im System der schönen Künste, die er auf ein Grundgesetz - die Nachahmung der </rel><e2>Natur</e2> - zurückführt.;Les beaux-arts réduits à un meme principe about Natur;about;SH;;Les beaux-arts réduits à un meme principe; (1746) die Literatur im System der schönen Künste, die er auf ein Grundgesetz - die Nachahmung der ;Natur;RTS
Bauer-Funke, Cerstin;Die französische Literatur des 18. Jahrhunderts: Theorien und Entwürfe;9;Nach Batteux unternehmen auch Mitarbeiter der „<e1>Encyclopédie</e1><rel> Definitionsversuche des </rel><e2>Geschmacks</e2>.;Encyclopédie about Geschmack;about;SH;;Encyclopédie; Definitionsversuche des ;Geschmacks;
Bauer-Funke, Cerstin;Die französische Literatur des 18. Jahrhunderts: Theorien und Entwürfe;2021-10-09 00:00:00;Neben Voltaire verfaßt <e1>Montesquieu</e1> <rel>auf Bitten d’Alemberts für die „Encyclopédie“ einen postum 1756 erschienenen „Essai sur le goût dans les choses delà nature et de l’art“, in dem er die von Dubos vertretene sensualistische </rel><e2>Theorie der Künste</e2> verficht: Wie dieser sieht Montesquieu im sentinient die Grundlage für das Geschmacksurteil.;Montesquieu topicInterest Kunst;topicInterest;SH;;Montesquieu;auf Bitten d’Alemberts für die „Encyclopédie“ einen postum 1756 erschienenen „Essai sur le goût dans les choses delà nature et de l’art“, in dem er die von Dubos vertretene sensualistische ;Theorie der Künste;
Bauer-Funke, Cerstin;Die französische Literatur des 18. Jahrhunderts: Theorien und Entwürfe;2021-10-09 00:00:00;Neben Voltaire verfaßt <e1>Montesquieu</e1><rel>auf Bitten d’Alemberts für die „Encyclopédie“ einen postum 1756 erschienenen „Essai sur le goût dans les choses delà nature et de l’art“, in dem er die von Dubos vertretene sensualistische Theorie der Künste verficht: Wie dieser sieht Montesquieu im sentinient die Grundlage für das </rel><e2>Geschmacksurteil</e2>.;Montesquieu topicInterest Geschmack;topicInterest;SH;;Montesquieu;auf Bitten d’Alemberts für die „Encyclopédie“ einen postum 1756 erschienenen „Essai sur le goût dans les choses delà nature et de l’art“, in dem er die von Dubos vertretene sensualistische Theorie der Künste verficht: Wie dieser sieht Montesquieu im sentinient die Grundlage für das ;Geschmacksurteil;
Bauer-Funke, Cerstin;Die französische Literatur des 18. Jahrhunderts: Theorien und Entwürfe;2021-10-09 00:00:00;Neben Voltaire verfaßt Montesquieu auf Bitten d’Alemberts für die „Encyclopédie“ einen postum 1756 erschienenen „<e1>Essai sur le goût dans les choses delà nature et de l’art</e1><rel>“, in dem er die von Dubos vertretene sensualistische </rel><e2>Theorie der Künste</e2> verficht: Wie dieser sieht Montesquieu im sentinient die Grundlage für das Geschmacksurteil.;Essai sur le goût dans les choses delà nature et de l’art about Kunst;about;SH;;Essai sur le goût dans les choses delà nature et de l’art;“, in dem er die von Dubos vertretene sensualistische ;Theorie der Künste;
Bauer-Funke, Cerstin;Die französische Literatur des 18. Jahrhunderts: Theorien und Entwürfe;2021-10-09 00:00:00;Neben Voltaire verfaßt Montesquieu auf Bitten d’Alemberts für die „Encyclopédie“ einen postum 1756 erschienenen „<e1>Essai sur le goût dans les choses delà nature et de l’art</e1><rel>, in dem er die von Dubos vertretene sensualistische Theorie der Künste verficht: Wie dieser sieht Montesquieu im sentinient die Grundlage für das </rel><e2>Geschmacksurteil</e2>.;Essai sur le goût dans les choses delà nature et de l’art about Geschmack;about;SH;;Essai sur le goût dans les choses delà nature et de l’art;, in dem er die von Dubos vertretene sensualistische Theorie der Künste verficht: Wie dieser sieht Montesquieu im sentinient die Grundlage für das ;Geschmacksurteil;
Bauer-Funke, Cerstin;Die französische Literatur des 18. Jahrhunderts: Theorien und Entwürfe;2021-10-09 00:00:00;Neben Voltaire verfaßt Montesquieu auf Bitten d’Alemberts für die „Encyclopédie“ einen postum 1756 erschienenen „Essai sur le goût dans les choses delà nature et de l’art“, in dem er die von <e1>Dubos</e1><rel> vertretene sensualistische </rel><e2>Theorie der Künste</e2> verficht: Wie dieser sieht Montesquieu im sentinient die Grundlage für das Geschmacksurteil.;Jean-Baptiste Dubos topicInterest Kunst;topicInterest;SH;;Dubos; vertretene sensualistische ;Theorie der Künste;
Bauer-Funke, Cerstin;Die französische Literatur des 18. Jahrhunderts: Theorien und Entwürfe;2021-10-09 00:00:00;Neben Voltaire verfaßt Montesquieu auf Bitten d’Alemberts für die „Encyclopédie“ einen postum 1756 erschienenen „Essai sur le goût dans les choses delà nature et de l’art“, in dem er die von <e1>Dubos</e1><rel>vertretene sensualistische Theorie der Künste verficht: Wie dieser sieht Montesquieu im sentinient die Grundlage für das </rel><e2>Geschmacksurteil</e2>.;Jean-Baptiste Dubos topicInterest Geschmack;topicInterest;SH;;Dubos;vertretene sensualistische Theorie der Künste verficht: Wie dieser sieht Montesquieu im sentinient die Grundlage für das ;Geschmacksurteil;
Bauer-Funke, Cerstin;Die französische Literatur des 18. Jahrhunderts: Theorien und Entwürfe;10;<e1>Diderot</e1><rel>befaßt sich mit der Kategorie des </rel><e2>Geschmacks</e2> im Artikel „Beau“ der „Encyclopédie“ und in seinen neun „Salons“, jenen zwischen 1759 und 1781 für Grimms „Correspondance littéraire“ verfaßten kunstkritischen Berichten über die Kunstausstellungen im Louvre.;Denis Diderot topicInterest Geschmack;topicInterest;SH;;Diderot;befaßt sich mit der Kategorie des ;Geschmacks;
Bauer-Funke, Cerstin;Die französische Literatur des 18. Jahrhunderts: Theorien und Entwürfe;10;Diderot befaßt sich mit der Kategorie des <e2>Geschmacks</e2><rel>im Artikel „</rel><e1>Beau</e1>“ der „Encyclopédie“ und in seinen neun „Salons“, jenen zwischen 1759 und 1781 für Grimms „Correspondance littéraire“ verfaßten kunstkritischen Berichten über die Kunstausstellungen im Louvre.;Beau about Geschmack;about;SH;;Beau;im Artikel „;Geschmacks;RSU
Bauer-Funke, Cerstin;Die französische Literatur des 18. Jahrhunderts: Theorien und Entwürfe;10;Diderot befaßt sich mit der Kategorie des <e2>Geschmacks</e2><rel>im Artikel „Beau“ der „Encyclopédie“ und in seinen neun „</rel><e1>Salons</e1>“, jenen zwischen 1759 und 1781 für Grimms „Correspondance littéraire“ verfaßten kunstkritischen Berichten über die Kunstausstellungen im Louvre.;Salons about Geschmack;about;SH;;Salons;im Artikel „Beau“ der „Encyclopédie“ und in seinen neun „;Geschmacks;
Bauer-Funke, Cerstin;Die französische Literatur des 18. Jahrhunderts: Theorien und Entwürfe;10;Diderot befaßt sich mit der Kategorie des Geschmacks im Artikel „Beau“ der „Encyclopédie“ und in seinen neun „<e1>Salons</e1><rel>, jenen zwischen 1759 und 1781 für Grimms „Correspondance littéraire“ verfaßten </rel><e2>kunstkritischen Berichten</e2> über die Kunstausstellungen im Louvre.;Salons about Kunstkritik;about;SH;;Salons;, jenen zwischen 1759 und 1781 für Grimms „Correspondance littéraire“ verfaßten ;kunstkritischen Berichten;
Bauer-Funke, Cerstin;Die französische Literatur des 18. Jahrhunderts: Theorien und Entwürfe;10;<e1>Diderot</e1><rel>befaßt sich mit der Kategorie des Geschmacks im Artikel „Beau“ der „Encyclopédie“ und in seinen neun „Salons“, jenen zwischen 1759 und 1781 für Grimms „Correspondance littéraire“ verfaßten </rel><e2>kunstkritischen Berichten</e2> über die Kunstausstellungen im Louvre.;Denis Diderot topicInterest Kunstkritik;topicInterest;SH;;Diderot;befaßt sich mit der Kategorie des Geschmacks im Artikel „Beau“ der „Encyclopédie“ und in seinen neun „Salons“, jenen zwischen 1759 und 1781 für Grimms „Correspondance littéraire“ verfaßten ;kunstkritischen Berichten;
Bauer-Funke, Cerstin;Die französische Literatur des 18. Jahrhunderts: Theorien und Entwürfe;10;Diese Position vertritt auch <e1>Rousseau</e1><rel> der in „Emile ou De l'éducation” (1762) den </rel><e2>Geschmack</e2> als fundamentale moralische Urteilsinstanz definiert und das Geschmacksurteil als Folge von Erfahrungsaustausch und gesellschaftlicher Prägung betrachtet.;Jean-Jacques Rousseau topicInterest Geschmack;topicInterest;SH;;Rousseau; der in „Emile ou De l'éducation” (1762) den ;Geschmack;
Bauer-Funke, Cerstin;Die französische Literatur des 18. Jahrhunderts: Theorien und Entwürfe;10;Diese Position vertritt auch <e1>Rousseau</e1><rel> der in „Emile ou De l'éducation” (1762) den Geschmack als fundamentale </rel><e2>moralische Urteilsinstanz</e2> definiert und das Geschmacksurteil als Folge von Erfahrungsaustausch und gesellschaftlicher Prägung betrachtet.;Jean-Jacques Rousseau topicInterest Moral;topicInterest;SH;;Rousseau; der in „Emile ou De l'éducation” (1762) den Geschmack als fundamentale ;moralische Urteilsinstanz;
Bauer-Funke, Cerstin;Die französische Literatur des 18. Jahrhunderts: Theorien und Entwürfe;10;Diese Position vertritt auch Rousseau, der in „<e1>Emile ou De l'éducation</e1><rel> (1762) den </rel><e2>Geschmack</e2> als fundamentale moralische Urteilsinstanz definiert und das Geschmacksurteil als Folge von Erfahrungsaustausch und gesellschaftlicher Prägung betrachtet.;Emile ou De l'éducation about Geschmack;about;SH;;Emile ou De l'éducation; (1762) den ;Geschmack;
Bauer-Funke, Cerstin;Die französische Literatur des 18. Jahrhunderts: Theorien und Entwürfe;10;Diese Position vertritt auch Rousseau, der in „<e1>Emile ou De l'éducation</e1><rel> (1762) den Geschmack als fundamentale </rel><e2>moralische Urteilsinstanz</e2> definiert und das Geschmacksurteil als Folge von Erfahrungsaustausch und gesellschaftlicher Prägung betrachtet.;Emile ou De l'éducation about Moral;about;SH;;Emile ou De l'éducation; (1762) den Geschmack als fundamentale ;moralische Urteilsinstanz;
Bauer-Funke, Cerstin;Die französische Literatur des 18. Jahrhunderts: Theorien und Entwürfe;10;1787 schließlich beschäftigt sich <e1>Marmontel</e1><rel>in seinem „Essai sur le goût“ nochmals ausführlich mit dem </rel><e2>Geschmacksbegriff</e2>, den er in historischer Perspektivierung von der Antike bis zu Voltaire behandelt, dessen Werk ihm als Inbegriff des guten Geschmacks gilt.;Jean-François Marmontel topicInterest Geschmack;topicInterest;SH;;Marmontel;in seinem „Essai sur le goût“ nochmals ausführlich mit dem ;Geschmacksbegriff;
Bauer-Funke, Cerstin;Die französische Literatur des 18. Jahrhunderts: Theorien und Entwürfe;10;1787 schließlich beschäftigt sich <e1>Marmontel</e1><rel>in seinem „Essai sur le goût“ nochmals ausführlich mit dem </rel><e2>Geschmacksbegriff</e2>, den er in historischer Perspektivierung von der Antike bis zu Voltaire behandelt, dessen Werk ihm als Inbegriff des guten Geschmacks gilt.;Jean-François Marmontel topicInterest Geschichte;topicInterest;SH;;Marmontel;in seinem „Essai sur le goût“ nochmals ausführlich mit dem ;Geschmacksbegriff;
Bauer-Funke, Cerstin;Die französische Literatur des 18. Jahrhunderts: Theorien und Entwürfe;10;1787 schließlich beschäftigt sich Marmontel in seinem „<e1>Essai sur le goût</e1><rel> nochmals ausführlich mit dem </rel><e2>Geschmacksbegriff</e2>, den er in historischer Perspektivierung von der Antike bis zu Voltaire behandelt, dessen Werk ihm als Inbegriff des guten Geschmacks gilt.;Essai sur le goût about Geschmack;about;SH;;Essai sur le goût; nochmals ausführlich mit dem ;Geschmacksbegriff;
Bauer-Funke, Cerstin;Die französische Literatur des 18. Jahrhunderts: Theorien und Entwürfe;10;1787 schließlich beschäftigt sich Marmontel in seinem „<e1>Essai sur le goût</e1><rel> nochmals ausführlich mit dem </rel><e2>Geschmacksbegriff</e2>, den er in historischer Perspektivierung von der Antike bis zu Voltaire behandelt, dessen Werk ihm als Inbegriff des guten Geschmacks gilt.;Essai sur le goût about Geschichte;about;SH;;Essai sur le goût; nochmals ausführlich mit dem ;Geschmacksbegriff;ND
Bauer-Funke, Cerstin;Die französische Literatur des 18. Jahrhunderts: Theorien und Entwürfe;11;Orte literarischer <e2>Geschmacksbildung</e2> sind in der ersten Jahrhunderthälfte die Salons der Mme de Lambert und der Mme de Ten-cin, die nach 1750 von den Salons Mme du Deffands und Mine Geoffrins abgelöst werden.;Anne-Thérèse de Marguenat de Courcelles topicInterest Geschmack;topicInterest;SH;*Mme de Lambert;Not Found;;Geschmacksbildung;
Bauer-Funke, Cerstin;Die französische Literatur des 18. Jahrhunderts: Theorien und Entwürfe;11;Orte literarischer <e2>Geschmacksbildung</e2><rel> sind in der ersten Jahrhunderthälfte die Salons der Mme de Lambert und der Mme </rel><e1>de Ten-cin</e1>, die nach 1750 von den Salons Mme du Deffands und Mine Geoffrins abgelöst werden.;Claudine Guérin de Tencin topicInterest Geschmack;topicInterest;SH;;de Ten-cin; sind in der ersten Jahrhunderthälfte die Salons der Mme de Lambert und der Mme ;Geschmacksbildung;
Bauer-Funke, Cerstin;Die französische Literatur des 18. Jahrhunderts: Theorien und Entwürfe;11;Orte literarischer <e2>Geschmacksbildung</e2> sind in der ersten Jahrhunderthälfte die Salons der Mme de Lambert und der Mme de Ten-cin, die nach 1750 von den Salons Mme du Deffands und Mine Geoffrins abgelöst werden.;Marie de Vichy Chamrond topicInterest Geschmack;topicInterest;SH;*Mme du Deffand;Not Found;;Geschmacksbildung;ND
Bauer-Funke, Cerstin;Die französische Literatur des 18. Jahrhunderts: Theorien und Entwürfe;11;Orte literarischer <e2>Geschmacksbildung</e2><rel>sind in der ersten Jahrhunderthälfte die Salons der Mme de Lambert und der Mme de Ten-cin, die nach 1750 von den Salons Mme du Deffands und Mine </rel><e1>Geoffrin</e1>s abgelöst werden.;Marie Thérèse Rodet Geoffrin topicInterest Geschmack;topicInterest;SH;;Geoffrin;sind in der ersten Jahrhunderthälfte die Salons der Mme de Lambert und der Mme de Ten-cin, die nach 1750 von den Salons Mme du Deffands und Mine ;Geschmacksbildung;
Bauer-Funke, Cerstin;Die französische Literatur des 18. Jahrhunderts: Theorien und Entwürfe;13;"Obschon <e1>Voltaire</e1><rel>der klassischen Dramaturgie formal verhaftet bleibt, gehen von ihm entscheidende Impulse für eine Auflösung des starren Regelkorsetts aus: Indem er neben </rel><e2>antiken Stoffen</e2> auch neue Stoffkreise für seine philosophischen Tragödien fruchtbar macht - vor allem die nationale Geschichte („Zaire“, 1732; „Adélaïde du Gues-clin“, 1734) und außereuropäische Stoffe -und damit zugleich als exotisch geltende Handlungsorte für salonfähig erklärt - etwa Peru („Alzire“, 1736), den Nahen Osten („Le fanatisme ou Mahomet le prophète“, 1741) und China („L’orphelin de la Chine“, 1755) - überwindet er die doctrine classique bereits thematisch.";Voltaire topicInterest Antike;topicInterest;SH;;Voltaire;der klassischen Dramaturgie formal verhaftet bleibt, gehen von ihm entscheidende Impulse für eine Auflösung des starren Regelkorsetts aus: Indem er neben ;antiken Stoffen;
Bauer-Funke, Cerstin;Die französische Literatur des 18. Jahrhunderts: Theorien und Entwürfe;13;"Obschon <e1>Voltaire</e1><rel>der klassischen Dramaturgie formal verhaftet bleibt, gehen von ihm entscheidende Impulse für eine Auflösung des starren Regelkorsetts aus: Indem er neben antiken Stoffen auch neue Stoffkreise für seine </rel><e2>philosophischen Tragödien</e2> fruchtbar macht - vor allem die nationale Geschichte („Zaire“, 1732; „Adélaïde du Gues-clin“, 1734) und außereuropäische Stoffe -und damit zugleich als exotisch geltende Handlungsorte für salonfähig erklärt - etwa Peru („Alzire“, 1736), den Nahen Osten („Le fanatisme ou Mahomet le prophète“, 1741) und China („L’orphelin de la Chine“, 1755) - überwindet er die doctrine classique bereits thematisch.";Voltaire topicInterest Philosophie;topicInterest;SH;;Voltaire;der klassischen Dramaturgie formal verhaftet bleibt, gehen von ihm entscheidende Impulse für eine Auflösung des starren Regelkorsetts aus: Indem er neben antiken Stoffen auch neue Stoffkreise für seine ;philosophischen Tragödien;
Bauer-Funke, Cerstin;Die französische Literatur des 18. Jahrhunderts: Theorien und Entwürfe;13;"Obschon <e1>Voltaire</e1><rel>der klassischen Dramaturgie formal verhaftet bleibt, gehen von ihm entscheidende Impulse für eine Auflösung des starren Regelkorsetts aus: Indem er neben antiken Stoffen auch neue Stoffkreise für seine philosophischen Tragödien fruchtbar macht - vor allem die nationale </rel><e2>Geschichte</e2> („Zaire“, 1732; „Adélaïde du Gues-clin“, 1734) und außereuropäische Stoffe -und damit zugleich als exotisch geltende Handlungsorte für salonfähig erklärt - etwa Peru („Alzire“, 1736), den Nahen Osten („Le fanatisme ou Mahomet le prophète“, 1741) und China („L’orphelin de la Chine“, 1755) - überwindet er die doctrine classique bereits thematisch.";Voltaire topicInterest Geschichte;topicInterest;SH;;Voltaire;der klassischen Dramaturgie formal verhaftet bleibt, gehen von ihm entscheidende Impulse für eine Auflösung des starren Regelkorsetts aus: Indem er neben antiken Stoffen auch neue Stoffkreise für seine philosophischen Tragödien fruchtbar macht - vor allem die nationale ;Geschichte;
Bauer-Funke, Cerstin;Die französische Literatur des 18. Jahrhunderts: Theorien und Entwürfe;13;"Obschon <e1>Voltaire</e1><rel>der klassischen Dramaturgie formal verhaftet bleibt, gehen von ihm entscheidende Impulse für eine Auflösung des starren Regelkorsetts aus: Indem er neben antiken Stoffen auch neue Stoffkreise für seine philosophischen Tragödien fruchtbar macht - vor allem die nationale Geschichte („Zaire“, 1732; „Adélaïde du Gues-clin“, 1734) und außereuropäische Stoffe -und damit zugleich als </rel><e2>exotisch</e2> geltende Handlungsorte für salonfähig erklärt - etwa Peru („Alzire“, 1736), den Nahen Osten („Le fanatisme ou Mahomet le prophète“, 1741) und China („L’orphelin de la Chine“, 1755) - überwindet er die doctrine classique bereits thematisch.";Voltaire topicInterest Exotik;topicInterest;SH;;Voltaire;"der klassischen Dramaturgie formal verhaftet bleibt, gehen von ihm entscheidende Impulse für eine Auflösung des starren Regelkorsetts aus: Indem er neben antiken Stoffen auch neue Stoffkreise für seine philosophischen Tragödien fruchtbar macht - vor allem die nationale Geschichte („Zaire“, 1732; „Adélaïde du Gues-clin“, 1734) und außereuropäische Stoffe -und damit zugleich als ";exotisch;
Bauer-Funke, Cerstin;Die französische Literatur des 18. Jahrhunderts: Theorien und Entwürfe;13;"Obschon <e1>Voltaire</e1><rel> der klassischen Dramaturgie formal verhaftet bleibt, gehen von ihm entscheidende Impulse für eine Auflösung des starren Regelkorsetts aus: Indem er neben antiken Stoffen auch neue Stoffkreise für seine philosophischen Tragödien fruchtbar macht - vor allem die nationale Geschichte („Zaire“, 1732; „Adélaïde du Gues-clin“, 1734) und außereuropäische Stoffe -und damit zugleich als exotisch geltende Handlungsorte für salonfähig erklärt - etwa </rel><e2>Peru</e2> („Alzire“, 1736), den Nahen Osten („Le fanatisme ou Mahomet le prophète“, 1741) und China („L’orphelin de la Chine“, 1755) - überwindet er die doctrine classique bereits thematisch.";Voltaire topicInterest Lateinamerika*;topicInterest;SH;*Peru;Voltaire;" der klassischen Dramaturgie formal verhaftet bleibt, gehen von ihm entscheidende Impulse für eine Auflösung des starren Regelkorsetts aus: Indem er neben antiken Stoffen auch neue Stoffkreise für seine philosophischen Tragödien fruchtbar macht - vor allem die nationale Geschichte („Zaire“, 1732; „Adélaïde du Gues-clin“, 1734) und außereuropäische Stoffe -und damit zugleich als exotisch geltende Handlungsorte für salonfähig erklärt - etwa ";Peru;ZZZ
Bauer-Funke, Cerstin;Die französische Literatur des 18. Jahrhunderts: Theorien und Entwürfe;13;"Obschon <e1>Voltaire</e1><rel> der klassischen Dramaturgie formal verhaftet bleibt, gehen von ihm entscheidende Impulse für eine Auflösung des starren Regelkorsetts aus: Indem er neben antiken Stoffen auch neue Stoffkreise für seine philosophischen Tragödien fruchtbar macht - vor allem die nationale Geschichte („Zaire“, 1732; „Adélaïde du Gues-clin“, 1734) und außereuropäische Stoffe -und damit zugleich als exotisch geltende Handlungsorte für salonfähig erklärt - etwa Peru („Alzire“, 1736), den </rel><e2>Nahen Osten</e2> („Le fanatisme ou Mahomet le prophète“, 1741) und China („L’orphelin de la Chine“, 1755) - überwindet er die doctrine classique bereits thematisch.";Voltaire topicInterest Orient*;topicInterest;SH;"*Naher Osten -> extra recherchiert; kann grob gleichbedeutend sein";Voltaire;" der klassischen Dramaturgie formal verhaftet bleibt, gehen von ihm entscheidende Impulse für eine Auflösung des starren Regelkorsetts aus: Indem er neben antiken Stoffen auch neue Stoffkreise für seine philosophischen Tragödien fruchtbar macht - vor allem die nationale Geschichte („Zaire“, 1732; „Adélaïde du Gues-clin“, 1734) und außereuropäische Stoffe -und damit zugleich als exotisch geltende Handlungsorte für salonfähig erklärt - etwa Peru („Alzire“, 1736), den ";Nahen Osten;ZZZ
Bauer-Funke, Cerstin;Die französische Literatur des 18. Jahrhunderts: Theorien und Entwürfe;13;"Obschon <e1>Voltaire</e1><rel>der klassischen Dramaturgie formal verhaftet bleibt, gehen von ihm entscheidende Impulse für eine Auflösung des starren Regelkorsetts aus: Indem er neben antiken Stoffen auch neue Stoffkreise für seine philosophischen Tragödien fruchtbar macht - vor allem die nationale Geschichte („Zaire“, 1732; „Adélaïde du Gues-clin“, 1734) und außereuropäische Stoffe -und damit zugleich als exotisch geltende Handlungsorte für salonfähig erklärt - etwa Peru („Alzire“, 1736), den Nahen Osten („Le fanatisme ou Mahomet le prophète“, 1741) und </rel><e2>China</e2> („L’orphelin de la Chine“, 1755) - überwindet er die doctrine classique bereits thematisch.";Voltaire topicInterest China;topicInterest;SH;;Voltaire;"der klassischen Dramaturgie formal verhaftet bleibt, gehen von ihm entscheidende Impulse für eine Auflösung des starren Regelkorsetts aus: Indem er neben antiken Stoffen auch neue Stoffkreise für seine philosophischen Tragödien fruchtbar macht - vor allem die nationale Geschichte („Zaire“, 1732; „Adélaïde du Gues-clin“, 1734) und außereuropäische Stoffe -und damit zugleich als exotisch geltende Handlungsorte für salonfähig erklärt - etwa Peru („Alzire“, 1736), den Nahen Osten („Le fanatisme ou Mahomet le prophète“, 1741) und ";China;
Bauer-Funke, Cerstin;Die französische Literatur des 18. Jahrhunderts: Theorien und Entwürfe;13;"Obschon Voltaire der klassischen Dramaturgie formal verhaftet bleibt, gehen von ihm entscheidende Impulse für eine Auflösung des starren Regelkorsetts aus: Indem er neben antiken Stoffen auch neue Stoffkreise für seine philosophischen Tragödien fruchtbar macht - vor allem die nationale <e2>Geschichte</e2><rel>(„</rel><e1>Zaire</e1>“, 1732; „Adélaïde du Gues-clin“, 1734) und außereuropäische Stoffe -und damit zugleich als exotisch geltende Handlungsorte für salonfähig erklärt - etwa Peru („Alzire“, 1736), den Nahen Osten („Le fanatisme ou Mahomet le prophète“, 1741) und China („L’orphelin de la Chine“, 1755) - überwindet er die doctrine classique bereits thematisch.";Zaire about Geschichte;about;SH;;Zaire;(„;Geschichte;RTS
Bauer-Funke, Cerstin;Die französische Literatur des 18. Jahrhunderts: Theorien und Entwürfe;13;"Obschon Voltaire der klassischen Dramaturgie formal verhaftet bleibt, gehen von ihm entscheidende Impulse für eine Auflösung des starren Regelkorsetts aus: Indem er neben antiken Stoffen auch neue Stoffkreise für seine philosophischen Tragödien fruchtbar macht - vor allem die nationale <e2>Geschichte</e2><rel>(„Zaire“, 1732; „</rel><e1>Adélaïde du Gues-clin</e1>“, 1734) und außereuropäische Stoffe -und damit zugleich als exotisch geltende Handlungsorte für salonfähig erklärt - etwa Peru („Alzire“, 1736), den Nahen Osten („Le fanatisme ou Mahomet le prophète“, 1741) und China („L’orphelin de la Chine“, 1755) - überwindet er die doctrine classique bereits thematisch.";Adélaïde du Guesclin about Geschichte;about;SH;;Adélaïde du Gues-clin;"(„Zaire“, 1732; „";Geschichte;RSU
Bauer-Funke, Cerstin;Die französische Literatur des 18. Jahrhunderts: Theorien und Entwürfe;13;"Obschon Voltaire der klassischen Dramaturgie formal verhaftet bleibt, gehen von ihm entscheidende Impulse für eine Auflösung des starren Regelkorsetts aus: Indem er neben antiken Stoffen auch neue Stoffkreise für seine philosophischen Tragödien fruchtbar macht - vor allem die nationale Geschichte („Zaire“, 1732; „Adélaïde du Gues-clin“, 1734) und außereuropäische Stoffe -und damit zugleich als exotisch geltende Handlungsorte für salonfähig erklärt - etwa <e2>Peru</e2> („<e1>Alzire</e1>“, 1736), den Nahen Osten („Le fanatisme ou Mahomet le prophète“, 1741) und China („L’orphelin de la Chine“, 1755) - überwindet er die doctrine classique bereits thematisch.";Alzire about Lateinamerika;about;SH;;Alzire;;Peru;RTS
Bauer-Funke, Cerstin;Die französische Literatur des 18. Jahrhunderts: Theorien und Entwürfe;13;"Obschon Voltaire der klassischen Dramaturgie formal verhaftet bleibt, gehen von ihm entscheidende Impulse für eine Auflösung des starren Regelkorsetts aus: Indem er neben antiken Stoffen auch neue Stoffkreise für seine philosophischen Tragödien fruchtbar macht - vor allem die nationale Geschichte („Zaire“, 1732; „Adélaïde du Gues-clin“, 1734) und außereuropäische Stoffe -und damit zugleich als exotisch geltende Handlungsorte für salonfähig erklärt - etwa Peru („Alzire“, 1736), den Nahen Osten („<e1>Le fanatisme ou Mahomet le prophète</e1>“, 1741) und China („L’orphelin de la Chine“, 1755) - überwindet er die doctrine classique bereits thematisch.";Le fanatisme ou Mahomet le prophète about Orient;about;SH;;Le fanatisme ou Mahomet le prophète;;Not Found;RTS
Bauer-Funke, Cerstin;Die französische Literatur des 18. Jahrhunderts: Theorien und Entwürfe;13;"Obschon Voltaire der klassischen Dramaturgie formal verhaftet bleibt, gehen von ihm entscheidende Impulse für eine Auflösung des starren Regelkorsetts aus: Indem er neben antiken Stoffen auch neue Stoffkreise für seine philosophischen Tragödien fruchtbar macht - vor allem die nationale Geschichte („Zaire“, 1732; „Adélaïde du Gues-clin“, 1734) und außereuropäische Stoffe -und damit zugleich als exotisch geltende Handlungsorte für salonfähig erklärt - etwa Peru („Alzire“, 1736), den Nahen Osten („Le fanatisme ou Mahomet le prophète“, 1741) und <e2>China</e2><rel>(„</rel><e1>L’orphelin de la Chine</e1>“, 1755) - überwindet er die doctrine classique bereits thematisch.";L’orphelin de la Chine about China;about;SH;;L’orphelin de la Chine;(„;China;RTS
Bauer-Funke, Cerstin;Die französische Literatur des 18. Jahrhunderts: Theorien und Entwürfe;13;Auch die <e2>Komödie</e2> nach dem Vorbild Moliè-rcs erfährt durch die psychologischen Liebeskomödien Marivaux’ und die comédie larmoyante Nivelle de la Chaussées einen deutlichen Niedergang, ist doch das Lachen zugunsten von sensibilité und attendrissement in Diskredit geraten.;Molière topicInterest Komödie;topicInterest;SH;;Not Foundz;;Komödie;
Bauer-Funke, Cerstin;Die französische Literatur des 18. Jahrhunderts: Theorien und Entwürfe;13;Auch die Komödie nach dem Vorbild Moliè-rcs erfährt durch die psychologischen <e2>Liebeskomödien</e2><rel></rel><e1>Marivaux</e1>’ und die comédie larmoyante Nivelle de la Chaussées einen deutlichen Niedergang, ist doch das Lachen zugunsten von sensibilité und attendrissement in Diskredit geraten.;Pierre Carlet de Marivaux topicInterest Liebe;topicInterest;SH;;Marivaux;;Liebeskomödien;ND
Bauer-Funke, Cerstin;Die französische Literatur des 18. Jahrhunderts: Theorien und Entwürfe;13;Auch die <e2>Komödie</e2><rel>nach dem Vorbild Moliè-rcs erfährt durch die psychologischen Liebeskomödien </rel><e1>Marivaux</e1>’ und die comédie larmoyante Nivelle de la Chaussées einen deutlichen Niedergang, ist doch das Lachen zugunsten von sensibilité und attendrissement in Diskredit geraten.;Pierre Carlet de Marivaux topicInterest Komödie;topicInterest;SH;;Marivaux;nach dem Vorbild Moliè-rcs erfährt durch die psychologischen Liebeskomödien ;Komödie;
Bauer-Funke, Cerstin;Die französische Literatur des 18. Jahrhunderts: Theorien und Entwürfe;13;Auch die <e2>Komödie</e2><rel>nach dem Vorbild Moliè-rcs erfährt durch die psychologischen Liebeskomödien Marivaux’ und die comédie larmoyante </rel><e1>Nivelle de la Chaussée</e1>s einen deutlichen Niedergang, ist doch das Lachen zugunsten von sensibilité und attendrissement in Diskredit geraten.;Nivelle de la Chaussée topicInterest Komödie;topicInterest;SH;;Nivelle de la Chaussée;nach dem Vorbild Moliè-rcs erfährt durch die psychologischen Liebeskomödien Marivaux’ und die comédie larmoyante ;Komödie;
Bauer-Funke, Cerstin;Die französische Literatur des 18. Jahrhunderts: Theorien und Entwürfe;14;Meist im bürgerlichen Milieu angesiedelt und damit stark realitätsbezogen, weist der Roman sowohl formal als auch thematisch die größte Distanz zu den literaturtheoretischen Idealen der französischen Klassik auf: Als Spiegel bürgerlichen Selbstbewußtseins dient er der <e2>Gesellschaftskritik</e2><rel> die aus der subjektiven Perspektive bürgerlicher Frauen in </rel><e1>Challe</e1>s „Les illustres Françaises“ (1713), der ausländischen Reisenden in Montesquieus „Lettres persanes“ (1721) oder des Emporkömmlings Jacob in Marivaux’ „Paysan parvenu“ (1734-35) erfolgt.;Robert Challe topicInterest Gesellschaftskritik;topicInterest;SH;;Challe; die aus der subjektiven Perspektive bürgerlicher Frauen in ;Gesellschaftskritik;
Bauer-Funke, Cerstin;Die französische Literatur des 18. Jahrhunderts: Theorien und Entwürfe;14;Meist im <e2>bürgerlichen Milieu</e2><rel>angesiedelt und damit stark realitätsbezogen, weist der Roman sowohl formal als auch thematisch die größte Distanz zu den literaturtheoretischen Idealen der französischen Klassik auf: Als Spiegel bürgerlichen Selbstbewußtseins dient er der Gesellschaftskritik, die aus der subjektiven Perspektive bürgerlicher Frauen in </rel><e1>Challe</e1>s „Les illustres Françaises“ (1713), der ausländischen Reisenden in Montesquieus „Lettres persanes“ (1721) oder des Emporkömmlings Jacob in Marivaux’ „Paysan parvenu“ (1734-35) erfolgt.;Robert Challe topicInterest Bürgertum;topicInterest;SH;;Challe;angesiedelt und damit stark realitätsbezogen, weist der Roman sowohl formal als auch thematisch die größte Distanz zu den literaturtheoretischen Idealen der französischen Klassik auf: Als Spiegel bürgerlichen Selbstbewußtseins dient er der Gesellschaftskritik, die aus der subjektiven Perspektive bürgerlicher Frauen in ;bürgerlichen Milieu;
Bauer-Funke, Cerstin;Die französische Literatur des 18. Jahrhunderts: Theorien und Entwürfe;14;Meist im bürgerlichen Milieu angesiedelt und damit stark realitätsbezogen, weist der Roman sowohl formal als auch thematisch die größte Distanz zu den literaturtheoretischen Idealen der französischen Klassik auf: Als Spiegel bürgerlichen Selbstbewußtseins dient er der <e2>Gesellschaftskritik</e2><rel> die aus der subjektiven Perspektive bürgerlicher Frauen in Challes „</rel><e1>Les illustres Françaises</e1>“ (1713), der ausländischen Reisenden in Montesquieus „Lettres persanes“ (1721) oder des Emporkömmlings Jacob in Marivaux’ „Paysan parvenu“ (1734-35) erfolgt.;Les illustres Françaises about Gesellschaftskritik;about;SH;;Les illustres Françaises; die aus der subjektiven Perspektive bürgerlicher Frauen in Challes „;Gesellschaftskritik;
Bauer-Funke, Cerstin;Die französische Literatur des 18. Jahrhunderts: Theorien und Entwürfe;14;Meist im <e2>bürgerlichen Milieu</e2><rel>angesiedelt und damit stark realitätsbezogen, weist der Roman sowohl formal als auch thematisch die größte Distanz zu den literaturtheoretischen Idealen der französischen Klassik auf: Als Spiegel bürgerlichen Selbstbewußtseins dient er der Gesellschaftskritik, die aus der subjektiven Perspektive bürgerlicher Frauen in Challes „</rel><e1>Les illustres Françaises</e1>“ (1713), der ausländischen Reisenden in Montesquieus „Lettres persanes“ (1721) oder des Emporkömmlings Jacob in Marivaux’ „Paysan parvenu“ (1734-35) erfolgt.;Les illustres Françaises about Bürgertum;about;SH;;Les illustres Françaises;angesiedelt und damit stark realitätsbezogen, weist der Roman sowohl formal als auch thematisch die größte Distanz zu den literaturtheoretischen Idealen der französischen Klassik auf: Als Spiegel bürgerlichen Selbstbewußtseins dient er der Gesellschaftskritik, die aus der subjektiven Perspektive bürgerlicher Frauen in Challes „;bürgerlichen Milieu;
Bauer-Funke, Cerstin;Die französische Literatur des 18. Jahrhunderts: Theorien und Entwürfe;14;Meist im bürgerlichen Milieu angesiedelt und damit stark realitätsbezogen, weist der Roman sowohl formal als auch thematisch die größte Distanz zu den literaturtheoretischen Idealen der französischen Klassik auf: Als Spiegel bürgerlichen Selbstbewußtseins dient er der <e2>Gesellschaftskritik</e2><rel> die aus der subjektiven Perspektive bürgerlicher Frauen in Challes „Les illustres Françaises“ (1713), der ausländischen Reisenden in </rel><e1>Montesquieu</e1>s „Lettres persanes“ (1721) oder des Emporkömmlings Jacob in Marivaux’ „Paysan parvenu“ (1734-35) erfolgt.;Montesquieu topicInterest Gesellschaftskritik;topicInterest;SH;;Montesquieu; die aus der subjektiven Perspektive bürgerlicher Frauen in Challes „Les illustres Françaises“ (1713), der ausländischen Reisenden in ;Gesellschaftskritik;
Bauer-Funke, Cerstin;Die französische Literatur des 18. Jahrhunderts: Theorien und Entwürfe;14;Meist im bürgerlichen Milieu angesiedelt und damit stark realitätsbezogen, weist der Roman sowohl formal als auch thematisch die größte Distanz zu den literaturtheoretischen Idealen der französischen Klassik auf: Als Spiegel bürgerlichen Selbstbewußtseins dient er der Gesellschaftskritik, die aus der subjektiven Perspektive bürgerlicher Frauen in Challes „Les illustres Françaises“ (1713), der ausländischen <e2>Reisenden</e2><rel>in </rel><e1>Montesquieu</e1>s „Lettres persanes“ (1721) oder des Emporkömmlings Jacob in Marivaux’ „Paysan parvenu“ (1734-35) erfolgt.;Montesquieu topicInterest Reisen;topicInterest;SH;;Montesquieu;in ;Reisenden;
Bauer-Funke, Cerstin;Die französische Literatur des 18. Jahrhunderts: Theorien und Entwürfe;14;Meist im bürgerlichen Milieu angesiedelt und damit stark realitätsbezogen, weist der Roman sowohl formal als auch thematisch die größte Distanz zu den literaturtheoretischen Idealen der französischen Klassik auf: Als Spiegel bürgerlichen Selbstbewußtseins dient er der <e2>Gesellschaftskritik</e2><rel> die aus der subjektiven Perspektive bürgerlicher Frauen in Challes „Les illustres Françaises“ (1713), der ausländischen Reisenden in Montesquieus „</rel><e1>Lettres persanes</e1>“ (1721) oder des Emporkömmlings Jacob in Marivaux’ „Paysan parvenu“ (1734-35) erfolgt.;Lettres persanes about Gesellschaftskritik;about;SH;;Lettres persanes; die aus der subjektiven Perspektive bürgerlicher Frauen in Challes „Les illustres Françaises“ (1713), der ausländischen Reisenden in Montesquieus „;Gesellschaftskritik;
Bauer-Funke, Cerstin;Die französische Literatur des 18. Jahrhunderts: Theorien und Entwürfe;14;Meist im bürgerlichen Milieu angesiedelt und damit stark realitätsbezogen, weist der Roman sowohl formal als auch thematisch die größte Distanz zu den literaturtheoretischen Idealen der französischen Klassik auf: Als Spiegel bürgerlichen Selbstbewußtseins dient er der Gesellschaftskritik, die aus der subjektiven Perspektive bürgerlicher Frauen in Challes „Les illustres Françaises“ (1713), der ausländischen <e2>Reisenden</e2><rel>in Montesquieus „</rel><e1>Lettres persanes</e1>“ (1721) oder des Emporkömmlings Jacob in Marivaux’ „Paysan parvenu“ (1734-35) erfolgt.;Lettres persanes about Reisen;about;SH;;Lettres persanes;in Montesquieus „;Reisenden;
Bauer-Funke, Cerstin;Die französische Literatur des 18. Jahrhunderts: Theorien und Entwürfe;14;Meist im bürgerlichen Milieu angesiedelt und damit stark realitätsbezogen, weist der Roman sowohl formal als auch thematisch die größte Distanz zu den literaturtheoretischen Idealen der französischen Klassik auf: Als Spiegel bürgerlichen Selbstbewußtseins dient er der <e2>Gesellschaftskritik</e2><rel> die aus der subjektiven Perspektive bürgerlicher Frauen in Challes „Les illustres Françaises“ (1713), der ausländischen Reisenden in Montesquieus „Lettres persanes“ (1721) oder des Emporkömmlings Jacob in </rel><e1>Marivaux</e1>’ „Paysan parvenu“ (1734-35) erfolgt.;Pierre Carlet de Marivaux topicInterest Gesellschaftskritik;topicInterest;SH;;Marivaux; die aus der subjektiven Perspektive bürgerlicher Frauen in Challes „Les illustres Françaises“ (1713), der ausländischen Reisenden in Montesquieus „Lettres persanes“ (1721) oder des Emporkömmlings Jacob in ;Gesellschaftskritik;
Bauer-Funke, Cerstin;Die französische Literatur des 18. Jahrhunderts: Theorien und Entwürfe;14;Meist im bürgerlichen Milieu angesiedelt und damit stark realitätsbezogen, weist der Roman sowohl formal als auch thematisch die größte Distanz zu den literaturtheoretischen Idealen der französischen Klassik auf: Als Spiegel bürgerlichen Selbstbewußtseins dient er der Gesellschaftskritik, die aus der subjektiven Perspektive bürgerlicher Frauen in Challes „Les illustres Françaises“ (1713), der ausländischen Reisenden in Montesquieus „Lettres persanes“ (1721) oder des Emporkömmlings Jacob in <e1>Marivaux</e1>’ „Paysan parvenu“ (1734-35) erfolgt.;Pierre Carlet de Marivaux topicInterest sozialer Aufstieg*;topicInterest;SH;*Emporkömmling;Marivaux;;Not Found;ND
Bauer-Funke, Cerstin;Die französische Literatur des 18. Jahrhunderts: Theorien und Entwürfe;14;Meist im bürgerlichen Milieu angesiedelt und damit stark realitätsbezogen, weist der Roman sowohl formal als auch thematisch die größte Distanz zu den literaturtheoretischen Idealen der französischen Klassik auf: Als Spiegel bürgerlichen Selbstbewußtseins dient er der <e2>Gesellschaftskritik</e2><rel> die aus der subjektiven Perspektive bürgerlicher Frauen in Challes „Les illustres Françaises“ (1713), der ausländischen Reisenden in Montesquieus „Lettres persanes“ (1721) oder des Emporkömmlings Jacob in Marivaux’ „</rel><e1>Paysan parvenu</e1>“ (1734-35) erfolgt.;Paysan parvenu about Gesellschaftskritik;about;SH;;Paysan parvenu; die aus der subjektiven Perspektive bürgerlicher Frauen in Challes „Les illustres Françaises“ (1713), der ausländischen Reisenden in Montesquieus „Lettres persanes“ (1721) oder des Emporkömmlings Jacob in Marivaux’ „;Gesellschaftskritik;
Bauer-Funke, Cerstin;Die französische Literatur des 18. Jahrhunderts: Theorien und Entwürfe;14;Meist im bürgerlichen Milieu angesiedelt und damit stark realitätsbezogen, weist der Roman sowohl formal als auch thematisch die größte Distanz zu den literaturtheoretischen Idealen der französischen Klassik auf: Als Spiegel bürgerlichen Selbstbewußtseins dient er der Gesellschaftskritik, die aus der subjektiven Perspektive bürgerlicher Frauen in Challes „Les illustres Françaises“ (1713), der ausländischen Reisenden in Montesquieus „Lettres persanes“ (1721) oder des Emporkömmlings Jacob in Marivaux’ „<e1>Paysan parvenu</e1>“ (1734-35) erfolgt.;Paysan parvenu about sozialer Aufstieg;about;SH;;Paysan parvenu;;Not Found;ND
Bauer-Funke, Cerstin;Die französische Literatur des 18. Jahrhunderts: Theorien und Entwürfe;15-16;Selbst wenn Voltaires Feind Jean Baptiste <e1>Rousseau</e1><rel>- im 18. Jh. als „le grand Rousseau“ gefeiert - sowie Jean Racines Sohn Louis und Lefranc de Pom-pignan eine nach klassizistischen Regeln konzipierte </rel><e2>religiöse Lyrik</e2> verfassen, so illustriert doch Voltaires aufklärerisch inspiriertes Epos „La Henriade“ (erste Fassung 1723, endgültige Fassung 1728) den distanzierten Umgang mit der französischen Klassik: Inhaltliche und formale Bezüge zu Homer und Vergil, zu Racine und Corneille belegen nicht nur Voltaires dichterisches Geschick, sondern auch seine Versuche, das Epos zu erneuern und in den Dienst der Aufklärung zu stellen.;Jean-Jacques Rousseau topicInterest Religion;topicInterest;SH;;Rousseau;- im 18. Jh. als „le grand Rousseau“ gefeiert - sowie Jean Racines Sohn Louis und Lefranc de Pom-pignan eine nach klassizistischen Regeln konzipierte ;religiöse Lyrik;
Bauer-Funke, Cerstin;Die französische Literatur des 18. Jahrhunderts: Theorien und Entwürfe;15-16;Selbst wenn Voltaires Feind Jean Baptiste Rousseau - im 18. Jh. als „le grand Rousseau“ gefeiert - sowie Jean <e1>Racine</e1><rel> Sohn Louis und Lefranc de Pom-pignan eine nach klassizistischen Regeln konzipierte </rel><e2>religiöse Lyrik</e2> verfassen, so illustriert doch Voltaires aufklärerisch inspiriertes Epos „La Henriade“ (erste Fassung 1723, endgültige Fassung 1728) den distanzierten Umgang mit der französischen Klassik: Inhaltliche und formale Bezüge zu Homer und Vergil, zu Racine und Corneille belegen nicht nur Voltaires dichterisches Geschick, sondern auch seine Versuche, das Epos zu erneuern und in den Dienst der Aufklärung zu stellen.;Louis Racine topicInterest Religion;topicInterest;SH;;Racine; Sohn Louis und Lefranc de Pom-pignan eine nach klassizistischen Regeln konzipierte ;religiöse Lyrik;
Bauer-Funke, Cerstin;Die französische Literatur des 18. Jahrhunderts: Theorien und Entwürfe;15-16;Selbst wenn Voltaires Feind Jean Baptiste Rousseau - im 18. Jh. als „le grand Rousseau“ gefeiert - sowie Jean Racines Sohn Louis und <e1>Lefranc de Pom-pignan</e1> <rel>eine nach klassizistischen Regeln konzipierte </rel><e2>religiöse Lyrik</e2> verfassen, so illustriert doch Voltaires aufklärerisch inspiriertes Epos „La Henriade“ (erste Fassung 1723, endgültige Fassung 1728) den distanzierten Umgang mit der französischen Klassik: Inhaltliche und formale Bezüge zu Homer und Vergil, zu Racine und Corneille belegen nicht nur Voltaires dichterisches Geschick, sondern auch seine Versuche, das Epos zu erneuern und in den Dienst der Aufklärung zu stellen.;Jean-Jacques Lefranc de Pompignan topicInterest Religion;topicInterest;SH;;Lefranc de Pom-pignan;eine nach klassizistischen Regeln konzipierte ;religiöse Lyrik;
Bauer-Funke, Cerstin;Die französische Literatur des 18. Jahrhunderts: Theorien und Entwürfe;15-16;Selbst wenn <e1>Voltaire</e1><rel> Feind Jean Baptiste Rousseau - im 18. Jh. als „le grand Rousseau“ gefeiert - sowie Jean Racines Sohn Louis und Lefranc de Pom-pignan eine nach klassizistischen Regeln konzipierte religiöse Lyrik verfassen, so illustriert doch Voltaires aufklärerisch inspiriertes Epos „La Henriade“ (erste Fassung 1723, endgültige Fassung 1728) den distanzierten Umgang mit der französischen Klassik: Inhaltliche und formale Bezüge zu </rel><e2>Homer</e2> und Vergil, zu Racine und Corneille belegen nicht nur Voltaires dichterisches Geschick, sondern auch seine Versuche, das Epos zu erneuern und in den Dienst der Aufklärung zu stellen.;Voltaire topicInterest Homer*;topicInterest;SH;*Person;Voltaire; Feind Jean Baptiste Rousseau - im 18. Jh. als „le grand Rousseau“ gefeiert - sowie Jean Racines Sohn Louis und Lefranc de Pom-pignan eine nach klassizistischen Regeln konzipierte religiöse Lyrik verfassen, so illustriert doch Voltaires aufklärerisch inspiriertes Epos „La Henriade“ (erste Fassung 1723, endgültige Fassung 1728) den distanzierten Umgang mit der französischen Klassik: Inhaltliche und formale Bezüge zu ;Homer;
Bauer-Funke, Cerstin;Die französische Literatur des 18. Jahrhunderts: Theorien und Entwürfe;15-16;Selbst wenn <e1>Voltaire</e1><rel> Feind Jean Baptiste Rousseau - im 18. Jh. als „le grand Rousseau“ gefeiert - sowie Jean Racines Sohn Louis und Lefranc de Pom-pignan eine nach klassizistischen Regeln konzipierte religiöse Lyrik verfassen, so illustriert doch Voltaires aufklärerisch inspiriertes Epos „La Henriade“ (erste Fassung 1723, endgültige Fassung 1728) den distanzierten Umgang mit der französischen Klassik: Inhaltliche und formale Bezüge zu Homer und </rel><e2>Vergil</e2>, zu Racine und Corneille belegen nicht nur Voltaires dichterisches Geschick, sondern auch seine Versuche, das Epos zu erneuern und in den Dienst der Aufklärung zu stellen.;Voltaire topicInterest Vergil*;topicInterest;SH;*Person;Voltaire; Feind Jean Baptiste Rousseau - im 18. Jh. als „le grand Rousseau“ gefeiert - sowie Jean Racines Sohn Louis und Lefranc de Pom-pignan eine nach klassizistischen Regeln konzipierte religiöse Lyrik verfassen, so illustriert doch Voltaires aufklärerisch inspiriertes Epos „La Henriade“ (erste Fassung 1723, endgültige Fassung 1728) den distanzierten Umgang mit der französischen Klassik: Inhaltliche und formale Bezüge zu Homer und ;Vergil;
Bauer-Funke, Cerstin;Die französische Literatur des 18. Jahrhunderts: Theorien und Entwürfe;15-16;Selbst wenn <e1>Voltaire</e1><rel> Feind Jean Baptiste Rousseau - im 18. Jh. als „le grand Rousseau“ gefeiert - sowie Jean </rel><e2>Racine</e2>s Sohn Louis und Lefranc de Pom-pignan eine nach klassizistischen Regeln konzipierte religiöse Lyrik verfassen, so illustriert doch Voltaires aufklärerisch inspiriertes Epos „La Henriade“ (erste Fassung 1723, endgültige Fassung 1728) den distanzierten Umgang mit der französischen Klassik: Inhaltliche und formale Bezüge zu Homer und Vergil, zu Racine und Corneille belegen nicht nur Voltaires dichterisches Geschick, sondern auch seine Versuche, das Epos zu erneuern und in den Dienst der Aufklärung zu stellen.;Voltaire topicInterest Louis Racine;topicInterest;SH;;Voltaire; Feind Jean Baptiste Rousseau - im 18. Jh. als „le grand Rousseau“ gefeiert - sowie Jean ;Racine;
Bauer-Funke, Cerstin;Die französische Literatur des 18. Jahrhunderts: Theorien und Entwürfe;15-16;Selbst wenn <e1>Voltaire</e1><rel> Feind Jean Baptiste Rousseau - im 18. Jh. als „le grand Rousseau“ gefeiert - sowie Jean Racines Sohn Louis und Lefranc de Pom-pignan eine nach klassizistischen Regeln konzipierte religiöse Lyrik verfassen, so illustriert doch Voltaires aufklärerisch inspiriertes Epos „La Henriade“ (erste Fassung 1723, endgültige Fassung 1728) den distanzierten Umgang mit der französischen Klassik: Inhaltliche und formale Bezüge zu Homer und Vergil, zu Racine und </rel><e2>Corneille</e2> belegen nicht nur Voltaires dichterisches Geschick, sondern auch seine Versuche, das Epos zu erneuern und in den Dienst der Aufklärung zu stellen.;Voltaire topicInterest Pierre Corneille;topicInterest;SH;;Voltaire; Feind Jean Baptiste Rousseau - im 18. Jh. als „le grand Rousseau“ gefeiert - sowie Jean Racines Sohn Louis und Lefranc de Pom-pignan eine nach klassizistischen Regeln konzipierte religiöse Lyrik verfassen, so illustriert doch Voltaires aufklärerisch inspiriertes Epos „La Henriade“ (erste Fassung 1723, endgültige Fassung 1728) den distanzierten Umgang mit der französischen Klassik: Inhaltliche und formale Bezüge zu Homer und Vergil, zu Racine und ;Corneille;
Bauer-Funke, Cerstin;Die französische Literatur des 18. Jahrhunderts: Theorien und Entwürfe;15-16;Selbst wenn Voltaires Feind Jean Baptiste Rousseau - im 18. Jh. als „le grand Rousseau“ gefeiert - sowie Jean Racines Sohn Louis und Lefranc de Pom-pignan eine nach klassizistischen Regeln konzipierte religiöse Lyrik verfassen, so illustriert doch Voltaires aufklärerisch inspiriertes Epos „<e1>La Henriade</e1><rel> (erste Fassung 1723, endgültige Fassung 1728) den distanzierten Umgang mit der französischen Klassik: Inhaltliche und formale Bezüge zu </rel><e2>Homer</e2> und Vergil, zu Racine und Corneille belegen nicht nur Voltaires dichterisches Geschick, sondern auch seine Versuche, das Epos zu erneuern und in den Dienst der Aufklärung zu stellen.;La Henriade about Homer;about;SH;;La Henriade; (erste Fassung 1723, endgültige Fassung 1728) den distanzierten Umgang mit der französischen Klassik: Inhaltliche und formale Bezüge zu ;Homer;
Bauer-Funke, Cerstin;Die französische Literatur des 18. Jahrhunderts: Theorien und Entwürfe;15-16;Selbst wenn Voltaires Feind Jean Baptiste Rousseau - im 18. Jh. als „le grand Rousseau“ gefeiert - sowie Jean Racines Sohn Louis und Lefranc de Pom-pignan eine nach klassizistischen Regeln konzipierte religiöse Lyrik verfassen, so illustriert doch Voltaires aufklärerisch inspiriertes Epos „<e1>La Henriade</e1><rel> (erste Fassung 1723, endgültige Fassung 1728) den distanzierten Umgang mit der französischen Klassik: Inhaltliche und formale Bezüge zu Homer und </rel><e2>Vergil</e2>, zu Racine und Corneille belegen nicht nur Voltaires dichterisches Geschick, sondern auch seine Versuche, das Epos zu erneuern und in den Dienst der Aufklärung zu stellen.;La Henriade about Vergil;about;SH;;La Henriade; (erste Fassung 1723, endgültige Fassung 1728) den distanzierten Umgang mit der französischen Klassik: Inhaltliche und formale Bezüge zu Homer und ;Vergil;
Bauer-Funke, Cerstin;Die französische Literatur des 18. Jahrhunderts: Theorien und Entwürfe;15-16;Selbst wenn Voltaires Feind Jean Baptiste Rousseau - im 18. Jh. als „le grand Rousseau“ gefeiert - sowie Jean <e2>Racine</e2><rel> Sohn Louis und Lefranc de Pom-pignan eine nach klassizistischen Regeln konzipierte religiöse Lyrik verfassen, so illustriert doch Voltaires aufklärerisch inspiriertes Epos „</rel><e1>La Henriade</e1>“ (erste Fassung 1723, endgültige Fassung 1728) den distanzierten Umgang mit der französischen Klassik: Inhaltliche und formale Bezüge zu Homer und Vergil, zu Racine und Corneille belegen nicht nur Voltaires dichterisches Geschick, sondern auch seine Versuche, das Epos zu erneuern und in den Dienst der Aufklärung zu stellen.;La Henriade about Louis Racine;about;SH;;La Henriade; Sohn Louis und Lefranc de Pom-pignan eine nach klassizistischen Regeln konzipierte religiöse Lyrik verfassen, so illustriert doch Voltaires aufklärerisch inspiriertes Epos „;Racine;
Bauer-Funke, Cerstin;Die französische Literatur des 18. Jahrhunderts: Theorien und Entwürfe;15-16;Selbst wenn Voltaires Feind Jean Baptiste Rousseau - im 18. Jh. als „le grand Rousseau“ gefeiert - sowie Jean Racines Sohn Louis und Lefranc de Pom-pignan eine nach klassizistischen Regeln konzipierte religiöse Lyrik verfassen, so illustriert doch Voltaires aufklärerisch inspiriertes Epos „<e1>La Henriade</e1><rel> (erste Fassung 1723, endgültige Fassung 1728) den distanzierten Umgang mit der französischen Klassik: Inhaltliche und formale Bezüge zu Homer und Vergil, zu Racine und </rel><e2>Corneille</e2> belegen nicht nur Voltaires dichterisches Geschick, sondern auch seine Versuche, das Epos zu erneuern und in den Dienst der Aufklärung zu stellen.;La Henriade about Pierre Corneille;about;SH;;La Henriade; (erste Fassung 1723, endgültige Fassung 1728) den distanzierten Umgang mit der französischen Klassik: Inhaltliche und formale Bezüge zu Homer und Vergil, zu Racine und ;Corneille;
Bauer-Funke, Cerstin;Die französische Literatur des 18. Jahrhunderts: Theorien und Entwürfe;18;Mit den Bemühungen <e1>Diderot</e1><rel>, Merciers und Beaumarchais’ um ein </rel><e2>bürgerliches Drama</e2> erlebt die klassische Dramaturgie in der zweiten Jahrhunderthälfte ihre endgültige Infragestellung.;Denis Diderot topicInterest Bürgertum;topicInterest;SH;;Diderot;, Merciers und Beaumarchais’ um ein ;bürgerliches Drama;
Bauer-Funke, Cerstin;Die französische Literatur des 18. Jahrhunderts: Theorien und Entwürfe;18;Mit den Bemühungen Diderots, <e1>Mercier</e1><rel> und Beaumarchais’ um ein </rel><e2>bürgerliches Drama</e2> erlebt die klassische Dramaturgie in der zweiten Jahrhunderthälfte ihre endgültige Infragestellung.;Louis-Sébastien Mercier topicInterest Bürgertum;topicInterest;SH;;Mercier; und Beaumarchais’ um ein ;bürgerliches Drama;
Bauer-Funke, Cerstin;Die französische Literatur des 18. Jahrhunderts: Theorien und Entwürfe;18;Mit den Bemühungen Diderots, Merciers und <e1>Beaumarchais</e1><rel> um ein </rel><e2>bürgerliches Drama</e2> erlebt die klassische Dramaturgie in der zweiten Jahrhunderthälfte ihre endgültige Infragestellung.;Pierre Augustin Caron de Beaumarchais topicInterest Bürgertum;topicInterest;SH;;Beaumarchais; um ein ;bürgerliches Drama;
Bauer-Funke, Cerstin;Die französische Literatur des 18. Jahrhunderts: Theorien und Entwürfe;18;Dem<e2> Aufstieg des Bürgertums</e2><rel>Rechnung tragend, ist </rel><e1>Diderot</e1> der erste, der diese Gesellschaftsschicht zum Protagonisten der Tragödie erhebt: In den dramentheoretischen „Entretiens sur le fils naturel“ (1757) und dem erwähnten „Discours sur la poésie dramatique“ (1758) definiert Diderot das in Prosa abgefaßte „genre sérieux“, dessen „intrigue simple, domestique, et voisine de la vie-réelle“ nicht mehr Könige und Helden der Antike oder der Mythologie zeigt, sondern den „père de famille“, den „commerçant“ oder den „citoyen“.;Denis Diderot topicInterest Bürgertum;topicInterest;SH;;Diderot;Rechnung tragend, ist ;Aufstieg des Bürgertums;
Bauer-Funke, Cerstin;Die französische Literatur des 18. Jahrhunderts: Theorien und Entwürfe;18;Dem<e2>Aufstieg des Bürgertums</e2><rel>Rechnung tragend, ist Diderot der erste, der diese Gesellschaftsschicht zum Protagonisten der Tragödie erhebt: In den dramentheoretischen „</rel><e1>Entretiens sur le fils naturel</e1>“ (1757) und dem erwähnten „Discours sur la poésie dramatique“ (1758) definiert Diderot das in Prosa abgefaßte „genre sérieux“, dessen „intrigue simple, domestique, et voisine de la vie-réelle“ nicht mehr Könige und Helden der Antike oder der Mythologie zeigt, sondern den „père de famille“, den „commerçant“ oder den „citoyen“.;Entretiens sur le fils naturel about Bürgertum;about;SH;;Entretiens sur le fils naturel;Rechnung tragend, ist Diderot der erste, der diese Gesellschaftsschicht zum Protagonisten der Tragödie erhebt: In den dramentheoretischen „;Aufstieg des Bürgertums;
Bauer-Funke, Cerstin;Die französische Literatur des 18. Jahrhunderts: Theorien und Entwürfe;18;Dem<e2> Aufstieg des Bürgertums</e2><rel>Rechnung tragend, ist Diderot der erste, der diese Gesellschaftsschicht zum Protagonisten der Tragödie erhebt: In den dramentheoretischen „Entretiens sur le fils naturel“ (1757) und dem erwähnten „</rel><e1>Discours sur la poésie dramatique</e1>“ (1758) definiert Diderot das in Prosa abgefaßte „genre sérieux“, dessen „intrigue simple, domestique, et voisine de la vie-réelle“ nicht mehr Könige und Helden der Antike oder der Mythologie zeigt, sondern den „père de famille“, den „commerçant“ oder den „citoyen“.;Discours sur la poésie dramatique about Bürgertum;about;SH;;Discours sur la poésie dramatique;Rechnung tragend, ist Diderot der erste, der diese Gesellschaftsschicht zum Protagonisten der Tragödie erhebt: In den dramentheoretischen „Entretiens sur le fils naturel“ (1757) und dem erwähnten „; Aufstieg des Bürgertums;
Bauer-Funke, Cerstin;Die französische Literatur des 18. Jahrhunderts: Theorien und Entwürfe;18;Zugleich gilt <e1>Beaumarchais</e1><rel>aber auch als Erneuerer der </rel><e2>Komödie</e2>, weil es ihm gelingt, in „Le barbier de Séville“ (1775) und „La folle journée ou Le mariage de Figaro“ (1784) Gesellschaftskritik mit Elementen des komischen Theaters zu verbinden.;Pierre Augustin Caron de Beaumarchais topicInterest Komödie;topicInterest;SH;;Beaumarchais;aber auch als Erneuerer der ;Komödie;
Bauer-Funke, Cerstin;Die französische Literatur des 18. Jahrhunderts: Theorien und Entwürfe;18;Zugleich gilt <e1>Beaumarchais</e1><rel>aber auch als Erneuerer der Komödie, weil es ihm gelingt, in „Le barbier de Séville“ (1775) und „La folle journée ou Le mariage de Figaro“ (1784) </rel><e2>Gesellschaftskritik</e2> mit Elementen des komischen Theaters zu verbinden.;Pierre Augustin Caron de Beaumarchais topicInterest Gesellschaftskritik;topicInterest;SH;;Beaumarchais;aber auch als Erneuerer der Komödie, weil es ihm gelingt, in „Le barbier de Séville“ (1775) und „La folle journée ou Le mariage de Figaro“ (1784) ;Gesellschaftskritik;
Bauer-Funke, Cerstin;Die französische Literatur des 18. Jahrhunderts: Theorien und Entwürfe;18;Zugleich gilt Beaumarchais aber auch als Erneuerer der <e2>Komödie</e2><rel> weil es ihm gelingt, in „</rel><e1>Le barbier de Séville</e1>“ (1775) und „La folle journée ou Le mariage de Figaro“ (1784) Gesellschaftskritik mit Elementen des komischen Theaters zu verbinden.;Le barbier de Séville about Komödie;about;SH;;Le barbier de Séville; weil es ihm gelingt, in „;Komödie;
Bauer-Funke, Cerstin;Die französische Literatur des 18. Jahrhunderts: Theorien und Entwürfe;18;Zugleich gilt Beaumarchais aber auch als Erneuerer der Komödie, weil es ihm gelingt, in „<e1>Le barbier de Séville</e1><rel> (1775) und „La folle journée ou Le mariage de Figaro“ (1784) </rel><e2>Gesellschaftskritik</e2> mit Elementen des komischen Theaters zu verbinden.;Le barbier de Séville about Gesellschaftskritik;about;SH;;Le barbier de Séville; (1775) und „La folle journée ou Le mariage de Figaro“ (1784) ;Gesellschaftskritik;
Bauer-Funke, Cerstin;Die französische Literatur des 18. Jahrhunderts: Theorien und Entwürfe;18;Zugleich gilt Beaumarchais aber auch als Erneuerer der <e2>Komödie</e2><rel> weil es ihm gelingt, in „Le barbier de Séville“ (1775) und „</rel><e1>La folle journée ou Le mariage de Figaro</e1>“ (1784) Gesellschaftskritik mit Elementen des komischen Theaters zu verbinden.;La folle journée ou Le mariage de Figaro about Komödie;about;SH;;La folle journée ou Le mariage de Figaro; weil es ihm gelingt, in „Le barbier de Séville“ (1775) und „;Komödie;
Bauer-Funke, Cerstin;Die französische Literatur des 18. Jahrhunderts: Theorien und Entwürfe;18;Zugleich gilt Beaumarchais aber auch als Erneuerer der Komödie, weil es ihm gelingt, in „Le barbier de Séville“ (1775) und „<e1>La folle journée ou Le mariage de Figaro</e1><rel> (1784) </rel><e2>Gesellschaftskritik</e2> mit Elementen des komischen Theaters zu verbinden.;La folle journée ou Le mariage de Figaro about Gesellschaftskritik;about;SH;;La folle journée ou Le mariage de Figaro; (1784) ;Gesellschaftskritik;RTS
Bauer-Funke, Cerstin;Die französische Literatur des 18. Jahrhunderts: Theorien und Entwürfe;19;"Den letzten und radikalsten Schritt dieses Ab-lösungsprozesses vom Regelkanon der doctrine classique vollzieht <e1>Mercier</e1><rel>mit seinem Essay „Du théâtre ou Nouvel essai sur l’art dramatique“ (1773); ihm geht es im Kontext der Aufklärung insbesondere um die sozialkritische und politische Funktion des </rel><e2>Theaters</e2>, das sich von allen Konventionen der klassischen Dramaturgie lösen muß.";Louis-Sébastien Mercier topicInterest Theater;topicInterest;SH;;Mercier;"mit seinem Essay „Du théâtre ou Nouvel essai sur l’art dramatique“ (1773); ihm geht es im Kontext der Aufklärung insbesondere um die sozialkritische und politische Funktion des ";Theaters;
Bauer-Funke, Cerstin;Die französische Literatur des 18. Jahrhunderts: Theorien und Entwürfe;19;"Den letzten und radikalsten Schritt dieses Ab-lösungsprozesses vom Regelkanon der doctrine classique vollzieht <e1>Mercier</e1><rel> mit seinem Essay „Du théâtre ou Nouvel essai sur l’art dramatique“ (1773); ihm geht es im Kontext der Aufklärung insbesondere um die </rel><e2>sozialkritische und politische Funktion des Theaters</e2>, das sich von allen Konventionen der klassischen Dramaturgie lösen muß.";Louis-Sébastien Mercier topicInterest Gesellschaftskritik;topicInterest;SH;;Mercier;" mit seinem Essay „Du théâtre ou Nouvel essai sur l’art dramatique“ (1773); ihm geht es im Kontext der Aufklärung insbesondere um die ";sozialkritische und politische Funktion des Theaters;
Bauer-Funke, Cerstin;Die französische Literatur des 18. Jahrhunderts: Theorien und Entwürfe;19;"Den letzten und radikalsten Schritt dieses Ab-lösungsprozesses vom Regelkanon der doctrine classique vollzieht <e1>Mercier</e1><rel> mit seinem Essay „Du théâtre ou Nouvel essai sur l’art dramatique“ (1773); ihm geht es im Kontext der Aufklärung insbesondere um die sozialkritische und </rel><e2>politische Funktion des Theaters</e2>, das sich von allen Konventionen der klassischen Dramaturgie lösen muß.";Louis-Sébastien Mercier topicInterest Poltik;topicInterest;SH;;Mercier;" mit seinem Essay „Du théâtre ou Nouvel essai sur l’art dramatique“ (1773); ihm geht es im Kontext der Aufklärung insbesondere um die sozialkritische und ";politische Funktion des Theaters;
Bauer-Funke, Cerstin;Die französische Literatur des 18. Jahrhunderts: Theorien und Entwürfe;19;"Den letzten und radikalsten Schritt dieses Ab-lösungsprozesses vom Regelkanon der doctrine classique vollzieht Mercier mit seinem Essay „<e1>Du théâtre ou Nouvel essai sur l’art dramatique</e1><rel> (1773); ihm geht es im Kontext der Aufklärung insbesondere um die sozialkritische und politische Funktion des </rel><e2>Theaters</e2>, das sich von allen Konventionen der klassischen Dramaturgie lösen muß.";Du théâtre ou Nouvel essai sur l’art dramatique about Theater;about;SH;;Du théâtre ou Nouvel essai sur l’art dramatique;" (1773); ihm geht es im Kontext der Aufklärung insbesondere um die sozialkritische und politische Funktion des ";Theaters;
Bauer-Funke, Cerstin;Die französische Literatur des 18. Jahrhunderts: Theorien und Entwürfe;20;"Dadurch löst sich der Roman, der seit <e1>Huet</e1><rel> „Traité sur l’origine des romans"" (1670) als Darstellung romanesker </rel><e2>Liebesabenteuer</e2> definiert ist, einmal mehr aus dieser thematischen und formalen Umklammerung und avanciert zum didaktischen Medium der bürgerlichen Ideologie und der enzyklopädischen Wissensvermittlung.";Pierre Daniel Huet topicInterest Liebesabenteuer;topicInterest;SH;;Huet;" „Traité sur l’origine des romans"" (1670) als Darstellung romanesker ";Liebesabenteuer;
Bauer-Funke, Cerstin;Die französische Literatur des 18. Jahrhunderts: Theorien und Entwürfe;20;Dadurch löst sich der Roman, der seit Huets „<e1>Traité sur l’origine des romans</e1><rel> (1670) als Darstellung romanesker </rel><e2>Liebesabenteuer</e2> definiert ist, einmal mehr aus dieser thematischen und formalen Umklammerung und avanciert zum didaktischen Medium der bürgerlichen Ideologie und der enzyklopädischen Wissensvermittlung.;Traité sur l’origine des romans about Liebesabenteuer;about;SH;;Traité sur l’origine des romans; (1670) als Darstellung romanesker ;Liebesabenteuer;
Bauer-Funke, Cerstin;Die französische Literatur des 18. Jahrhunderts: Theorien und Entwürfe;20;In seinem Artikel „<e1><e2>Roman<<rel></rel><e2>Roman</e2></e1>“ der „Encyclopédie” stellt der Chevalier de Jaucourt 1762 diese didaktische Funktion des Romans in den Vordergrund.;Roman* about Roman;about;SH;*Encyclopédie? Mit Artikel oder Gesamtband taggen?;Roman;;Roman;
Bauer-Funke, Cerstin;Die französische Literatur des 18. Jahrhunderts: Theorien und Entwürfe;20;In seinem Artikel „<e2>Roman</e2><rel> der „Encyclopédie” stellt der </rel><e1>Chevalier de Jaucourt</e1> 1762 diese didaktische Funktion des Romans in den Vordergrund.;Chevalier de Jaucourt topicInterest Roman;topicInterest;SH;;Chevalier de Jaucourt; der „Encyclopédie” stellt der ;Roman;ND
Bauer-Funke, Cerstin;Die französische Literatur des 18. Jahrhunderts: Theorien und Entwürfe;20;Der Kampf gegen <e2>Vorurteile</e2><rel>und Intoleranz im Namen der raison einerseits und die Aufwertung des sentiment andererseits sind die Koordinaten des Romans der zweiten Jahrhunderthälfte, die </rel><e1>Rousseau</e1> bereits 1761 mit .Julie ou La nouvelle Héloïse” zugunsten eines culte du moi verschiebt.;Jean-Jacques Rousseau topicInterest Vorurteile;topicInterest;SH;;Rousseau;und Intoleranz im Namen der raison einerseits und die Aufwertung des sentiment andererseits sind die Koordinaten des Romans der zweiten Jahrhunderthälfte, die ;Vorurteile;
Bauer-Funke, Cerstin;Die französische Literatur des 18. Jahrhunderts: Theorien und Entwürfe;20;Der Kampf gegen Vorurteile und <e2>Intoleranz</e2><rel>im Namen der raison einerseits und die Aufwertung des sentiment andererseits sind die Koordinaten des Romans der zweiten Jahrhunderthälfte, die </rel><e1>Rousseau</e1> bereits 1761 mit .Julie ou La nouvelle Héloïse” zugunsten eines culte du moi verschiebt.;Jean-Jacques Rousseau topicInterest Toleranz*;topicInterest;SH;*beinhaltet Intoleranz;Rousseau;im Namen der raison einerseits und die Aufwertung des sentiment andererseits sind die Koordinaten des Romans der zweiten Jahrhunderthälfte, die ;Intoleranz;
Bauer-Funke, Cerstin;Die französische Literatur des 18. Jahrhunderts: Theorien und Entwürfe;20;Der Kampf gegen <e2>Vorurteile</e2><rel>und Intoleranz im Namen der raison einerseits und die Aufwertung des sentiment andererseits sind die Koordinaten des Romans der zweiten Jahrhunderthälfte, die Rousseau bereits 1761 mit .Julie ou </rel><e1>La nouvelle Héloïse</e1>” zugunsten eines culte du moi verschiebt.;La Nouvelle Héloïse about Vorurteile;about;SH;;La nouvelle Héloïse;und Intoleranz im Namen der raison einerseits und die Aufwertung des sentiment andererseits sind die Koordinaten des Romans der zweiten Jahrhunderthälfte, die Rousseau bereits 1761 mit .Julie ou ;Vorurteile;
Bauer-Funke, Cerstin;Die französische Literatur des 18. Jahrhunderts: Theorien und Entwürfe;20;Der Kampf gegen Vorurteile und <e2>Intoleranz</e2><rel>im Namen der raison einerseits und die Aufwertung des sentiment andererseits sind die Koordinaten des Romans der zweiten Jahrhunderthälfte, die Rousseau bereits 1761 mit .Julie ou </rel><e1>La nouvelle Héloïse</e1>” zugunsten eines culte du moi verschiebt.;La Nouvelle Héloïse about Toleranz;about;SH;;La nouvelle Héloïse;im Namen der raison einerseits und die Aufwertung des sentiment andererseits sind die Koordinaten des Romans der zweiten Jahrhunderthälfte, die Rousseau bereits 1761 mit .Julie ou ;Intoleranz;
Bauer-Funke, Cerstin;Die französische Literatur des 18. Jahrhunderts: Theorien und Entwürfe;20;Diese Aufwertung des <e2>Gefühls</e2><rel>gegenüber dem Rationalismus der Aufklärung, die insbesondere die von </rel><e1>Rousseau</e1> begründete Autobiographie widerspiegelt („Confessions”, zwischen 1765 und 1770 verfaßt, 1782 und 1789 publiziert), markiert den Beginn jener als tournant des Lumières bezeichneten Phase zwischen 1770 und 1820/1830, die den Bruch mit den poetologischen Konzepten des 17. Jh. vollziehen wird.;Jean-Jacques Rousseau topicInterest Gefühle;topicInterest;SH;;Rousseau;gegenüber dem Rationalismus der Aufklärung, die insbesondere die von ;Gefühls;
Bauer-Funke, Cerstin;Die französische Literatur des 18. Jahrhunderts: Theorien und Entwürfe;20;Diese Aufwertung des Gefühls gegenüber dem Rationalismus der Aufklärung, die insbesondere die von <e1>Rousseau</e1><rel>begründete </rel><e2>Autobiographie</e2> widerspiegelt („Confessions”, zwischen 1765 und 1770 verfaßt, 1782 und 1789 publiziert), markiert den Beginn jener als tournant des Lumières bezeichneten Phase zwischen 1770 und 1820/1830, die den Bruch mit den poetologischen Konzepten des 17. Jh. vollziehen wird.;Jean-Jacques Rousseau topicInterest Autobiographie;topicInterest;SH;;Rousseau;begründete ;Autobiographie;
Bauer-Funke, Cerstin;Die französische Literatur des 18. Jahrhunderts: Theorien und Entwürfe;20;Diese Aufwertung des Gefühls gegenüber dem Rationalismus der Aufklärung, die insbesondere die von Rousseau begründete <e2>Autobiographie</e2><rel>widerspiegelt („</rel><e1>Confessions</e1>”, zwischen 1765 und 1770 verfaßt, 1782 und 1789 publiziert), markiert den Beginn jener als tournant des Lumières bezeichneten Phase zwischen 1770 und 1820/1830, die den Bruch mit den poetologischen Konzepten des 17. Jh. vollziehen wird.;Confessions about Autobiographie;about;SH;;Confessions;widerspiegelt („;Autobiographie;
Bauer-Funke, Cerstin;Die französische Literatur des 18. Jahrhunderts: Theorien und Entwürfe;21;Der aufklärerischen und <e2>moralisch</e2><rel>didaktischen Intention entsprechen auch die contes philosophiques </rel><e1>Voltaire</e1>s, die contes moraux Marmontels und die Dialogerzählungen Di-derots, die jeweils fundamentale Neuerungen im Literatursystem der Aufklärung darstellen.;Voltaire topicInterest Moral;topicInterest;SH;;Voltaire;didaktischen Intention entsprechen auch die contes philosophiques ;moralisch;
Bauer-Funke, Cerstin;Die französische Literatur des 18. Jahrhunderts: Theorien und Entwürfe;21;Der aufklärerischen und <e2>moralisch</e2><rel>didaktischen Intention entsprechen auch die contes philosophiques Voltaires, die contes moraux </rel><e1>Marmontel</e1>s und die Dialogerzählungen Di-derots, die jeweils fundamentale Neuerungen im Literatursystem der Aufklärung darstellen.;Jean-François Marmontel topicInterest Moral;topicInterest;SH;;Marmontel;didaktischen Intention entsprechen auch die contes philosophiques Voltaires, die contes moraux ;moralisch;
Bauer-Funke, Cerstin;Die französische Literatur des 18. Jahrhunderts: Theorien und Entwürfe;21;Der aufklärerischen und <e2>moralisch</e2><rel>-didaktischen Intention entsprechen auch die contes philosophiques Voltaires, die contes moraux Marmontels und die Dialogerzählungen </rel><e1>Diderots</e1>, die jeweils fundamentale Neuerungen im Literatursystem der Aufklärung darstellen.;Denis Diderot topicInterest Moral;topicInterest;SH;;Diderots;-didaktischen Intention entsprechen auch die contes philosophiques Voltaires, die contes moraux Marmontels und die Dialogerzählungen ;moralisch;
Bauer-Funke, Cerstin;Die französische Literatur des 18. Jahrhunderts: Theorien und Entwürfe;22;Stattdessen machen sich präromantische Tendenzen in der <e2>Natur</e2><rel> und elegischen Liebesdichtung von </rel><e1>Saint-Lambert</e1>, Delille, Berlin und Parny bemerkbar.;Jean-François de Saint-Lambert topicInterest Natur;topicInterest;SH;;Saint-Lambert; und elegischen Liebesdichtung von ;Natur;
Bauer-Funke, Cerstin;Die französische Literatur des 18. Jahrhunderts: Theorien und Entwürfe;22;Stattdessen machen sich präromantische Tendenzen in der Natur- und elegischen <e2>Liebesdichtung</e2><rel>von </rel><e1>Saint-Lambert</e1>, Delille, Berlin und Parny bemerkbar.;Jean-François de Saint-Lambert topicInterest Liebe;topicInterest;SH;;Saint-Lambert;von ;Liebesdichtung;
Bauer-Funke, Cerstin;Die französische Literatur des 18. Jahrhunderts: Theorien und Entwürfe;22;Stattdessen machen sich präromantische Tendenzen in der <e2>Natur</e2><rel> und elegischen Liebesdichtung von Saint-Lambert, </rel><e1>Delille</e1>, Berlin und Parny bemerkbar.;Jacques Delille topicInterest Natur;topicInterest;SH;;Delille; und elegischen Liebesdichtung von Saint-Lambert, ;Natur;
Bauer-Funke, Cerstin;Die französische Literatur des 18. Jahrhunderts: Theorien und Entwürfe;22;Stattdessen machen sich präromantische Tendenzen in der Natur- und elegischen <e2>Liebesdichtung</e2><rel>von Saint-Lambert, </rel><e1>Delille</e1>, Berlin und Parny bemerkbar.;Jacques Delille topicInterest Liebe;topicInterest;SH;;Delille;von Saint-Lambert, ;Liebesdichtung;
Bauer-Funke, Cerstin;Die französische Literatur des 18. Jahrhunderts: Theorien und Entwürfe;22;Stattdessen machen sich präromantische Tendenzen in der <e2>Natur</e2><rel> und elegischen Liebesdichtung von Saint-Lambert, Delille, </rel><e1>Berlin</e1> und Parny bemerkbar.;Berlin* topicInterest Natur;topicInterest;SH;*Name nicht gefunden -> unauffindbare Properties evtl auslassen?;Berlin; und elegischen Liebesdichtung von Saint-Lambert, Delille, ;Natur;
Bauer-Funke, Cerstin;Die französische Literatur des 18. Jahrhunderts: Theorien und Entwürfe;22;Stattdessen machen sich präromantische Tendenzen in der Natur- und elegischen <e2>Liebesdichtung</e2><rel>von Saint-Lambert, Delille, </rel><e1>Berlin</e1> und Parny bemerkbar.;Berlin* topicInterest Liebe;topicInterest;SH;;Berlin;von Saint-Lambert, Delille, ;Liebesdichtung;
Bauer-Funke, Cerstin;Die französische Literatur des 18. Jahrhunderts: Theorien und Entwürfe;22;Stattdessen machen sich präromantische Tendenzen in der <e2>Natur</e2><rel> und elegischen Liebesdichtung von Saint-Lambert, Delille, Berlin und </rel><e1>Parny</e1> bemerkbar.;Évariste de Parny topicInterest Natur;topicInterest;SH;;Parny; und elegischen Liebesdichtung von Saint-Lambert, Delille, Berlin und ;Natur;
Bauer-Funke, Cerstin;Die französische Literatur des 18. Jahrhunderts: Theorien und Entwürfe;22;Stattdessen machen sich präromantische Tendenzen in der Natur- und elegischen <e2>Liebesdichtung</e2><rel>von Saint-Lambert, Delille, Berlin und </rel><e1>Parny</e1> bemerkbar.;Évariste de Parny topicInterest Liebe;topicInterest;SH;;Parny;von Saint-Lambert, Delille, Berlin und ;Liebesdichtung;
Bauer-Funke, Cerstin;Die französische Literatur des 18. Jahrhunderts: Theorien und Entwürfe;22;Im lyrischen Werk <e1>André Chénier</e1><rel> dagegen verbinden sich </rel><e2>Fortschrittsenthusiasmus</e2> und Antikenrezeption auf exemplarische Weise und bestätigen das von Chénier selbst stammende Diktum: „Sur des pensers nouveaux faisons des vers antiques.;André Chénier topicInterest Fortschritt;topicInterest;SH;;André Chénier; dagegen verbinden sich ;Fortschrittsenthusiasmus;
Bauer-Funke, Cerstin;Die französische Literatur des 18. Jahrhunderts: Theorien und Entwürfe;22;Im lyrischen Werk <e1>André Chénier</e1><rel> dagegen verbinden sich Fortschrittsenthusiasmus und </rel><e2>Antikenrezeption</e2> auf exemplarische Weise und bestätigen das von Chénier selbst stammende Diktum: „Sur des pensers nouveaux faisons des vers antiques.;André Chénier topicInterest Antike;topicInterest;SH;;André Chénier; dagegen verbinden sich Fortschrittsenthusiasmus und ;Antikenrezeption;
Bauer-Funke, Cerstin;Die französische Literatur des 18. Jahrhunderts: Theorien und Entwürfe;24;Selbst wenn <e1>Marie-Joseph Chénier</e1><rel>am Vorabend der Revolution in seiner Streitschrift „De la liberté du théâtre en France“ (1789) die sozio</rel><e2>politische Funktion</e2> des Theaters ganz im Sinne der Aufklärung betont, macht er sich doch zugleich zum Verfechter einer am Regelkanon der Klassik orientierten Tragödie, die er selbst mit „Charles IX ou La Saint-Barthélemy” (1788), „Caius Gracchus“ (1792) und „Timoléon“ (1794) verwirklicht.;Marie-Joseph Chénier topicInterest Politik;topicInterest;SH;;Marie-Joseph Chénier;am Vorabend der Revolution in seiner Streitschrift „De la liberté du théâtre en France“ (1789) die sozio;politische Funktion;
Bauer-Funke, Cerstin;Die französische Literatur des 18. Jahrhunderts: Theorien und Entwürfe;24;Selbst wenn <e1>Marie-Joseph Chénier</e1><rel>am Vorabend der Revolution in seiner Streitschrift „De la liberté du théâtre en France“ (1789) die soziopolitische Funktion des </rel><e2>Theaters</e2> ganz im Sinne der Aufklärung betont, macht er sich doch zugleich zum Verfechter einer am Regelkanon der Klassik orientierten Tragödie, die er selbst mit „Charles IX ou La Saint-Barthélemy” (1788), „Caius Gracchus“ (1792) und „Timoléon“ (1794) verwirklicht.;Marie-Joseph Chénier topicInterest Theater;topicInterest;SH;;Marie-Joseph Chénier;am Vorabend der Revolution in seiner Streitschrift „De la liberté du théâtre en France“ (1789) die soziopolitische Funktion des ;Theaters;
Bauer-Funke, Cerstin;Die französische Literatur des 18. Jahrhunderts: Theorien und Entwürfe;24;Selbst wenn <e1>Marie-Joseph Chénier</e1><rel>am Vorabend der Revolution in seiner Streitschrift „De la liberté du théâtre en France“ (1789) die soziopolitische Funktion des Theaters ganz im Sinne der Aufklärung betont, macht er sich doch zugleich zum Verfechter einer am Regelkanon der Klassik orientierten </rel><e2>Tragödie</e2>, die er selbst mit „Charles IX ou La Saint-Barthélemy” (1788), „Caius Gracchus“ (1792) und „Timoléon“ (1794) verwirklicht.;Marie-Joseph Chénier topicInterest Tragödie;topicInterest;SH;;Marie-Joseph Chénier;am Vorabend der Revolution in seiner Streitschrift „De la liberté du théâtre en France“ (1789) die soziopolitische Funktion des Theaters ganz im Sinne der Aufklärung betont, macht er sich doch zugleich zum Verfechter einer am Regelkanon der Klassik orientierten ;Tragödie;
Bauer-Funke, Cerstin;Die französische Literatur des 18. Jahrhunderts: Theorien und Entwürfe;24;Selbst wenn Marie-Joseph Chénier am Vorabend der Revolution in seiner Streitschrift „<e1>De la liberté du théâtre en France</e1><rel> (1789) die sozio</rel><e2>politische Funktion</e2> des Theaters ganz im Sinne der Aufklärung betont, macht er sich doch zugleich zum Verfechter einer am Regelkanon der Klassik orientierten Tragödie, die er selbst mit „Charles IX ou La Saint-Barthélemy” (1788), „Caius Gracchus“ (1792) und „Timoléon“ (1794) verwirklicht.;De la liberté du théâtre en France about Politik;about;SH;;De la liberté du théâtre en France; (1789) die sozio;politische Funktion;
Bauer-Funke, Cerstin;Die französische Literatur des 18. Jahrhunderts: Theorien und Entwürfe;24;Selbst wenn Marie-Joseph Chénier am Vorabend der Revolution in seiner Streitschrift „<e1>De la liberté du théâtre en France</e1><rel> (1789) die soziopolitische Funktion des </rel><e2>Theaters</e2> ganz im Sinne der Aufklärung betont, macht er sich doch zugleich zum Verfechter einer am Regelkanon der Klassik orientierten Tragödie, die er selbst mit „Charles IX ou La Saint-Barthélemy” (1788), „Caius Gracchus“ (1792) und „Timoléon“ (1794) verwirklicht.;De la liberté du théâtre en France about Theater;about;SH;;De la liberté du théâtre en France; (1789) die soziopolitische Funktion des ;Theaters;
Bauer-Funke, Cerstin;Die französische Literatur des 18. Jahrhunderts: Theorien und Entwürfe;25;Thematisch finden die Erlebnisse der Revolution dagegen im <e2>Emigrantenroman</e2><rel>ihren Ausdruck, den </rel><e1>Sénac de Meil-han</e1> mit „L'émigré” 1797 begründet.;Sénac de Meilhan topicInterest Emigration;topicInterest;SH;;Sénac de Meil-han;ihren Ausdruck, den ;Emigrantenroman;
Bauer-Funke, Cerstin;Die französische Literatur des 18. Jahrhunderts: Theorien und Entwürfe;25;Thematisch finden die Erlebnisse der Revolution dagegen im <e2>Emigrantenroman</e2><rel>ihren Ausdruck, den Sénac de Meil-han mit „</rel><e1>L'émigré</e1>” 1797 begründet.;L'émigré about Emigration;about;SH;;L'émigré;ihren Ausdruck, den Sénac de Meil-han mit „;Emigrantenroman;
