Autor;Titel;OCR-Absatz;Passage;Aussage;Code des Typs;Annotator*in;Anmerkung;E1;Relation;E2
Brockmeier, Peter;Einzelaspekt: Erzählliteratur (Roman, Novelle, conte);4;"In „<e1>La Chanson de Roland</e1><rel> (um 1070, anonym) gibt der Erzähler nicht nur ausführlich die </rel><e2>politischen Diskussionen</e2> am Hof des Königs Marsilie zu Saragossa und am Hof Karls des Großen zu Cordoba wieder, sondern er schildert auch mehrere Träume des Kaisers: „A cette vision s’en ajoute une autre.“ (V. 725; 10 ff., 122 ff.).";La Chanson de Roland about Politik;about;SH;*Epoche des Sonnenkönigs;La Chanson de Roland; (um 1070, anonym) gibt der Erzähler nicht nur ausführlich die ;politischen Diskussionen
Brockmeier, Peter;Einzelaspekt: Erzählliteratur (Roman, Novelle, conte);4;"In „<e1>La Chanson de Roland</e1>“ (um 1070, anonym) gibt der Erzähler nicht nur ausführlich die politischen Diskussionen am Hof des Königs Marsilie zu Saragossa und am Hof Karls des Großen zu Cordoba wieder, sondern er schildert auch mehrere Träume des Kaisers: „A cette vision s’en ajoute une autre.“ (V. 725; 10 ff., 122 ff.).";La Chanson de Roland about Adel;about;SH;;La Chanson de Roland;relation out of scope;Not Found
Brockmeier, Peter;Einzelaspekt: Erzählliteratur (Roman, Novelle, conte);4;"In „<e1>La Chanson de Roland</e1>“ (um 1070, anonym) gibt der Erzähler nicht nur ausführlich die politischen Diskussionen am Hof des Königs Marsilie zu Saragossa und am Hof Karls des Großen zu Cordoba wieder, sondern er schildert auch mehrere Träume des Kaisers: „A cette vision s’en ajoute une autre.“ (V. 725; 10 ff., 122 ff.).";La Chanson de Roland about Traum;about;SH;;La Chanson de Roland;relation out of scope;Not Found
Brockmeier, Peter;Einzelaspekt: Erzählliteratur (Roman, Novelle, conte);8;Nach <e1>Aristoteles</e1><rel>läßt episches </rel><e2>Erzählen</e2> das in Wirklichkeit Unmögliche, das Unwahrscheinliche wahrscheinlich erscheinen (c. 24 u. Komm.).;Aristoteles topicInterest Erzählung;topicInterest;SH;;Aristoteles;läßt episches ;Erzählen
Brockmeier, Peter;Einzelaspekt: Erzählliteratur (Roman, Novelle, conte);8;"Ein Erzähler berichtet mehrere Episoden ein und derselben Schlacht („Chanson de Roland“, V. 1261 ff.), aus ein und demselben <e2>Heldenleben</e2><rel>(</rel><e1>Rabelais</e1>, „Pantagruel"", 1532/33) oder eine Vielzahl von Erinnerungen (Beckett, „Malone meurt“, 1951).";François Rabelais topicInterest Helden;topicInterest;SH;;Rabelais;relation out of scope;Heldenleben
Brockmeier, Peter;Einzelaspekt: Erzählliteratur (Roman, Novelle, conte);8;"Ein Erzähler berichtet mehrere Episoden ein und derselben Schlacht („Chanson de Roland“, V. 1261 ff.), aus ein und demselben <e2>Heldenleben</e2><rel>(Rabelais, „</rel><e1>Pantagruel</e1>"", 1532/33) oder eine Vielzahl von Erinnerungen (Beckett, „Malone meurt“, 1951).";Pantagruel about Helden;about;SH;;Pantagruel;relation out of scope;Heldenleben
Brockmeier, Peter;Einzelaspekt: Erzählliteratur (Roman, Novelle, conte);8;"Ein Erzähler berichtet mehrere Episoden ein und derselben Schlacht („Chanson de Roland“, V. 1261 ff.), aus ein und demselben Heldenleben (Rabelais, „Pantagruel"", 1532/33) oder eine Vielzahl von <e2>Erinnerungen</e2><rel>(</rel><e1>Beckett</e1>, „Malone meurt“, 1951).";Samuel Beckett topicInterest Erinnerung*;topicInterest;SH;*neues Thema;Beckett;relation out of scope;Erinnerungen
Brockmeier, Peter;Einzelaspekt: Erzählliteratur (Roman, Novelle, conte);8;"Ein Erzähler berichtet mehrere Episoden ein und derselben Schlacht („Chanson de Roland“, V. 1261 ff.), aus ein und demselben Heldenleben (Rabelais, „Pantagruel"", 1532/33) oder eine Vielzahl von <e2>Erinnerungen</e2><rel>(Beckett, „</rel><e1>Malone meurt</e1>“, 1951).";Malone meurt about Erinnerung;about;SH;;Malone meurt;relation out of scope;Erinnerungen
Brockmeier, Peter;Einzelaspekt: Erzählliteratur (Roman, Novelle, conte);8;"Ein Erzähler überträgt einer Mehrzahl von Erzählfiguren die Aufgabe, ihre Erzählungen wiederzugeben und umfaßt diese nicht nur mit einer Rahmenerzählung, sondern mit einem Ereignisse, Teilnehmer und Erzähler bestimmenden oder lenkenden allgemeinen Thema: mit der Idee, daß Schein und Sein die Hofgesellschaft bestimmen („Hepta-méron“); mit der Idee, daß <e2>vernünftiges Handeln</e2><rel>auf Erfahrungen beruht, die alle Menschen miteinander teilen (</rel><e1>Voltaire</e1>, „Candide“, 1759; Bruno, „Le tour de la France par deux enfants“, 1877); mit der Idee, daß der Mensch sich selbst das Paradies und dem Nächsten die Hölle ist (Sade, „Les 120 journées de Sodome“, 1782/85).";Voltaire topicInterest Vernunft;topicInterest;SH;;Voltaire;auf Erfahrungen beruht, die alle Menschen miteinander teilen (;vernünftiges Handeln
Brockmeier, Peter;Einzelaspekt: Erzählliteratur (Roman, Novelle, conte);8;"Ein Erzähler überträgt einer Mehrzahl von Erzählfiguren die Aufgabe, ihre Erzählungen wiederzugeben und umfaßt diese nicht nur mit einer Rahmenerzählung, sondern mit einem Ereignisse, Teilnehmer und Erzähler bestimmenden oder lenkenden allgemeinen Thema: mit der Idee, daß Schein und Sein die Hofgesellschaft bestimmen („Hepta-méron“); mit der Idee, daß vernünftiges Handeln auf Erfahrungen beruht, die alle <e2>Menschen</e2><rel>miteinander teilen (</rel><e1>Voltaire</e1>, „Candide“, 1759; Bruno, „Le tour de la France par deux enfants“, 1877); mit der Idee, daß der Mensch sich selbst das Paradies und dem Nächsten die Hölle ist (Sade, „Les 120 journées de Sodome“, 1782/85).";Voltaire topicInterest Mensch;topicInterest;SH;;Voltaire;miteinander teilen (;Menschen
Brockmeier, Peter;Einzelaspekt: Erzählliteratur (Roman, Novelle, conte);8;"Ein Erzähler überträgt einer Mehrzahl von Erzählfiguren die Aufgabe, ihre Erzählungen wiederzugeben und umfaßt diese nicht nur mit einer Rahmenerzählung, sondern mit einem Ereignisse, Teilnehmer und Erzähler bestimmenden oder lenkenden allgemeinen Thema: mit der Idee, daß Schein und Sein die Hofgesellschaft bestimmen („Hepta-méron“); mit der Idee, daß <e2>vernünftiges Handeln</e2><rel>auf Erfahrungen beruht, die alle Menschen miteinander teilen (Voltaire, „</rel><e1>Candide</e1>“, 1759; Bruno, „Le tour de la France par deux enfants“, 1877); mit der Idee, daß der Mensch sich selbst das Paradies und dem Nächsten die Hölle ist (Sade, „Les 120 journées de Sodome“, 1782/85).";Candide about Vernunft;about;SH;;Candide;auf Erfahrungen beruht, die alle Menschen miteinander teilen (Voltaire, „;vernünftiges Handeln
Brockmeier, Peter;Einzelaspekt: Erzählliteratur (Roman, Novelle, conte);8;"Ein Erzähler überträgt einer Mehrzahl von Erzählfiguren die Aufgabe, ihre Erzählungen wiederzugeben und umfaßt diese nicht nur mit einer Rahmenerzählung, sondern mit einem Ereignisse, Teilnehmer und Erzähler bestimmenden oder lenkenden allgemeinen Thema: mit der Idee, daß Schein und Sein die Hofgesellschaft bestimmen („Hepta-méron“); mit der Idee, daß vernünftiges Handeln auf Erfahrungen beruht, die alle <e2>Menschen</e2><rel>miteinander teilen (Voltaire, „</rel><e1>Candide</e1>“, 1759; Bruno, „Le tour de la France par deux enfants“, 1877); mit der Idee, daß der Mensch sich selbst das Paradies und dem Nächsten die Hölle ist (Sade, „Les 120 journées de Sodome“, 1782/85).";Candide about Mensch;about;SH;;Candide;miteinander teilen (Voltaire, „;Menschen
Brockmeier, Peter;Einzelaspekt: Erzählliteratur (Roman, Novelle, conte);8;"Ein Erzähler überträgt einer Mehrzahl von Erzählfiguren die Aufgabe, ihre Erzählungen wiederzugeben und umfaßt diese nicht nur mit einer Rahmenerzählung, sondern mit einem Ereignisse, Teilnehmer und Erzähler bestimmenden oder lenkenden allgemeinen Thema: mit der Idee, daß Schein und Sein die Hofgesellschaft bestimmen („Hepta-méron“); mit der Idee, daß <e2>vernünftiges Handeln</e2> <rel>auf Erfahrungen beruht, die alle Menschen miteinander teilen (Voltaire, „Candide“, 1759;</rel> <e1>Bruno</e1>, „Le tour de la France par deux enfants“, 1877); mit der Idee, daß der Mensch sich selbst das Paradies und dem Nächsten die Hölle ist (Sade, „Les 120 journées de Sodome“, 1782/85).";G. Bruno topicInterest Vernunft;;SH;;Bruno;"auf Erfahrungen beruht, die alle Menschen miteinander teilen (Voltaire, „Candide“, 1759;";vernünftiges Handeln
Brockmeier, Peter;Einzelaspekt: Erzählliteratur (Roman, Novelle, conte);8;"Ein Erzähler überträgt einer Mehrzahl von Erzählfiguren die Aufgabe, ihre Erzählungen wiederzugeben und umfaßt diese nicht nur mit einer Rahmenerzählung, sondern mit einem Ereignisse, Teilnehmer und Erzähler bestimmenden oder lenkenden allgemeinen Thema: mit der Idee, daß Schein und Sein die Hofgesellschaft bestimmen („Hepta-méron“); mit der Idee, daß vernünftiges Handeln auf Erfahrungen beruht, die alle <e2>Menschen</e2><rel>miteinander teilen (Voltaire, „Candide“, 1759; </rel><e1>Bruno</e1>, „Le tour de la France par deux enfants“, 1877); mit der Idee, daß der Mensch sich selbst das Paradies und dem Nächsten die Hölle ist (Sade, „Les 120 journées de Sodome“, 1782/85).";G. Bruno topicInterest Mensch;topicInterest;SH;;Bruno;"miteinander teilen (Voltaire, „Candide“, 1759; ";Menschen
Brockmeier, Peter;Einzelaspekt: Erzählliteratur (Roman, Novelle, conte);8;"Ein Erzähler überträgt einer Mehrzahl von Erzählfiguren die Aufgabe, ihre Erzählungen wiederzugeben und umfaßt diese nicht nur mit einer Rahmenerzählung, sondern mit einem Ereignisse, Teilnehmer und Erzähler bestimmenden oder lenkenden allgemeinen Thema: mit der Idee, daß Schein und Sein die Hofgesellschaft bestimmen („Hepta-méron“); mit der Idee, daß <e2>vernünftiges Handeln</e2><rel>auf Erfahrungen beruht, die alle Menschen miteinander teilen (Voltaire, „Candide“, 1759; Bruno, „</rel><e1>Le tour de la France par deux enfants</e1>“, 1877); mit der Idee, daß der Mensch sich selbst das Paradies und dem Nächsten die Hölle ist (Sade, „Les 120 journées de Sodome“, 1782/85).";Le tour de la France par deux enfants about Vernunft;about;SH;;Le tour de la France par deux enfants;"auf Erfahrungen beruht, die alle Menschen miteinander teilen (Voltaire, „Candide“, 1759; Bruno, „";vernünftiges Handeln
Brockmeier, Peter;Einzelaspekt: Erzählliteratur (Roman, Novelle, conte);8;"Ein Erzähler überträgt einer Mehrzahl von Erzählfiguren die Aufgabe, ihre Erzählungen wiederzugeben und umfaßt diese nicht nur mit einer Rahmenerzählung, sondern mit einem Ereignisse, Teilnehmer und Erzähler bestimmenden oder lenkenden allgemeinen Thema: mit der Idee, daß Schein und Sein die Hofgesellschaft bestimmen („Hepta-méron“); mit der Idee, daß vernünftiges Handeln auf Erfahrungen beruht, die alle <e2>Menschen</e2><rel>miteinander teilen (Voltaire, „Candide“, 1759; Bruno, „</rel><e1>Le tour de la France par deux enfants</e1>“, 1877); mit der Idee, daß der Mensch sich selbst das Paradies und dem Nächsten die Hölle ist (Sade, „Les 120 journées de Sodome“, 1782/85).";Le tour de la France par deux enfants about Mensch;about;SH;;Le tour de la France par deux enfants;"miteinander teilen (Voltaire, „Candide“, 1759; Bruno, „";Menschen
Brockmeier, Peter;Einzelaspekt: Erzählliteratur (Roman, Novelle, conte);8;"Ein Erzähler überträgt einer Mehrzahl von Erzählfiguren die Aufgabe, ihre Erzählungen wiederzugeben und umfaßt diese nicht nur mit einer Rahmenerzählung, sondern mit einem Ereignisse, Teilnehmer und Erzähler bestimmenden oder lenkenden allgemeinen Thema: mit der Idee, daß Schein und Sein die Hofgesellschaft bestimmen („Hepta-méron“); mit der Idee, daß vernünftiges Handeln auf Erfahrungen beruht, die alle <e2>Menschen</e2><rel>miteinander teilen (Voltaire, „Candide“, 1759; Bruno, „Le tour de la France par deux enfants“, 1877); mit der Idee, daß der Mensch sich selbst das Paradies und dem Nächsten die Hölle ist (</rel><e1>Sade</e1>, „Les 120 journées de Sodome“, 1782/85).";Marquis de Sade topicInterest Mensch;topicInterest;SH;;Sade;"miteinander teilen (Voltaire, „Candide“, 1759; Bruno, „Le tour de la France par deux enfants“, 1877); mit der Idee, daß der Mensch sich selbst das Paradies und dem Nächsten die Hölle ist (";Menschen
Brockmeier, Peter;Einzelaspekt: Erzählliteratur (Roman, Novelle, conte);8;"Ein Erzähler überträgt einer Mehrzahl von Erzählfiguren die Aufgabe, ihre Erzählungen wiederzugeben und umfaßt diese nicht nur mit einer Rahmenerzählung, sondern mit einem Ereignisse, Teilnehmer und Erzähler bestimmenden oder lenkenden allgemeinen Thema: mit der Idee, daß Schein und Sein die Hofgesellschaft bestimmen („Hepta-méron“); mit der Idee, daß vernünftiges Handeln auf Erfahrungen beruht, die alle <e2>Menschen</e2><rel>miteinander teilen (Voltaire, „Candide“, 1759; Bruno, „Le tour de la France par deux enfants“, 1877); mit der Idee, daß der Mensch sich selbst das Paradies und dem Nächsten die Hölle ist (Sade, „</rel><e1>Les 120 journées de Sodome</e1>“, 1782/85).";Les 120 journées de Sodome about Mensch;about;SH;;Les 120 journées de Sodome;"miteinander teilen (Voltaire, „Candide“, 1759; Bruno, „Le tour de la France par deux enfants“, 1877); mit der Idee, daß der Mensch sich selbst das Paradies und dem Nächsten die Hölle ist (Sade, „";Menschen
Brockmeier, Peter;Einzelaspekt: Erzählliteratur (Roman, Novelle, conte);8;Wohl im Anschluß an Friedrich Nietzsches Wort vom „Verlust der mythischen Heimat, des mythischen Mutterschoßes“ („Die Geburt der Tragödie“) hat <e1>Georg Lukács</e1><rel>„die Form des </rel><e2>Romans</e2>“ als „Ausdruck der transzendentalen Obdachlosigkeit“ beschrieben: „das Ganze des Lebens läßt keinen transzendentalen Mittelpunkt in sich aufweisen und duldet es nicht, daß eine seiner Zellen sich zu seiner Beherrscherin erhebe. Nur wenn ein Subjekt, weit abgetrennt von jeglichem Leben und seiner notwendig mitgesetzten Empirie, in der reinen Höhe der Wesenhaftigkeit thront, wenn cs nichts mehr ist als der Träger der transzendentalen Synthesis, vermag cs in seiner Struktur alle Bedingungen der Totalität zu bergen und seine Grenze zur Grenze der Welt zu verwandeln.“ (1965: 35, 50).;Georg Lukács topicInterest Roman;topicInterest;SH;;Georg Lukács;„die Form des ;Romans
Brockmeier, Peter;Einzelaspekt: Erzählliteratur (Roman, Novelle, conte);8;"Als dem Leben inhärentes Bewußtsein ist der literarische <e2>Erzähler</e2><rel>also Mittelpunkt außerhalb der Empirie und Beherrscher des ganzen Lebens; er erscheint als der geniale „Urheber“ (I. </rel><e1>Kant</e1>) seines Textes; der Leser im Text darf sich ihm kongenial fühlen.";Immanuel Kant topicInterest Erzählung;topicInterest;SH;;Kant;"also Mittelpunkt außerhalb der Empirie und Beherrscher des ganzen Lebens; er erscheint als der geniale „Urheber“ (I. ";Erzähler
Brockmeier, Peter;Einzelaspekt: Erzählliteratur (Roman, Novelle, conte);10;"Besonders in der Epoche der Aufklärung findet man Erzählungen, in denen die Erregung der Affekte der Vermittlung <e2>philosophischer Ideen</e2><rel>diente: „</rel><e1>Lettres persanes</e1>“ (1721) von Montesquieu; „Les Liaisons dangereuses“ (1782) von Choderlos de Laclos; „La Nouvelle Justine, ou les Malheurs de la vertu. Suivi de l’IIistoire de Juliette“ (1797) des Marquis de Sade. (Fischer 1997: 163-244) ";Lettres persanes about Philosophie;about;SH;;Lettres persanes;diente: „;philosophischer Ideen
Brockmeier, Peter;Einzelaspekt: Erzählliteratur (Roman, Novelle, conte);10;"Besonders in der Epoche der Aufklärung findet man Erzählungen, in denen die Erregung der Affekte der Vermittlung <e2>philosophischer Ideen</e2><rel>diente: „Lettres persanes“ (1721) von </rel><e1>Montesquieu</e1>; „Les Liaisons dangereuses“ (1782) von Choderlos de Laclos; „La Nouvelle Justine, ou les Malheurs de la vertu. Suivi de l’IIistoire de Juliette“ (1797) des Marquis de Sade. (Fischer 1997: 163-244) ";Montesquieu topicInterest Philosophie;topicInterest;SH;;Montesquieu;diente: „Lettres persanes“ (1721) von ;philosophischer Ideen
Brockmeier, Peter;Einzelaspekt: Erzählliteratur (Roman, Novelle, conte);10;"Besonders in der Epoche der Aufklärung findet man Erzählungen, in denen die Erregung der Affekte der Vermittlung <e2>philosophischer Ideen</e2><rel>diente: „Lettres persanes“ (1721) von Montesquieu; „</rel><e1>Les Liaisons dangereuses</e1>“ (1782) von Choderlos de Laclos; „La Nouvelle Justine, ou les Malheurs de la vertu. Suivi de l’IIistoire de Juliette“ (1797) des Marquis de Sade. (Fischer 1997: 163-244) ";Les Liaisons dangereuses about Philosophie;about;SH;;Les Liaisons dangereuses;"diente: „Lettres persanes“ (1721) von Montesquieu; „";philosophischer Ideen
Brockmeier, Peter;Einzelaspekt: Erzählliteratur (Roman, Novelle, conte);10;"Besonders in der Epoche der Aufklärung findet man Erzählungen, in denen die Erregung der Affekte der Vermittlung <e2>philosophischer Ideen</e2><rel>diente: „Lettres persanes“ (1721) von Montesquieu; „Les Liaisons dangereuses“ (1782) von </rel><e1>Choderlos de Laclos</e1>; „La Nouvelle Justine, ou les Malheurs de la vertu. Suivi de l’IIistoire de Juliette“ (1797) des Marquis de Sade. (Fischer 1997: 163-244) ";Choderlos de Laclos topicInterest Philosophie;topicInterest;SH;;Choderlos de Laclos;"diente: „Lettres persanes“ (1721) von Montesquieu; „Les Liaisons dangereuses“ (1782) von ";philosophischer Ideen
Brockmeier, Peter;Einzelaspekt: Erzählliteratur (Roman, Novelle, conte);10;"Besonders in der Epoche der Aufklärung findet man Erzählungen, in denen die Erregung der Affekte der Vermittlung <e2>philosophischer Ideen</e2><rel>diente: „Lettres persanes“ (1721) von Montesquieu; „Les Liaisons dangereuses“ (1782) von Choderlos de Laclos; „</rel><e1>La Nouvelle Justine</e1>, ou les Malheurs de la vertu. Suivi de l’IIistoire de Juliette“ (1797) des Marquis de Sade. (Fischer 1997: 163-244) ";La Nouvelle Justine about Philosophie;about;SH;;La Nouvelle Justine;"diente: „Lettres persanes“ (1721) von Montesquieu; „Les Liaisons dangereuses“ (1782) von Choderlos de Laclos; „";philosophischer Ideen
Brockmeier, Peter;Einzelaspekt: Erzählliteratur (Roman, Novelle, conte);10;"Besonders in der Epoche der Aufklärung findet man Erzählungen, in denen die Erregung der Affekte der Vermittlung <e2>philosophischer Ideen</e2><rel>diente: „Lettres persanes“ (1721) von Montesquieu; „Les Liaisons dangereuses“ (1782) von Choderlos de Laclos; „La Nouvelle Justine, ou les Malheurs de la vertu. Suivi de l’IIistoire de Juliette“ (1797) des </rel><e1>Marquis de Sade</e1>. (Fischer 1997: 163-244) ";Marquis de Sade topicInterest Philosophie;topicInterest;SH;;Marquis de Sade;"diente: „Lettres persanes“ (1721) von Montesquieu; „Les Liaisons dangereuses“ (1782) von Choderlos de Laclos; „La Nouvelle Justine, ou les Malheurs de la vertu. Suivi de l’IIistoire de Juliette“ (1797) des ";philosophischer Ideen
Brockmeier, Peter;Einzelaspekt: Erzählliteratur (Roman, Novelle, conte);11;Die „e1>Psycho-machie</e1><rel>“ (405) des Prudentius war das Vorbild für</rel> <e2>christliches Erzählen</e2>, das menschliches Handeln mit einer gottgegebenen Wertehierarchie legitimiert: Die sieben Haupttugenden besiegen mit harter Hand die sieben Hauptlaster.;Psychomachie about Christentum;about;SH;;Psycho-machie;“ (405) des Prudentius war das Vorbild für;christliches Erzählen
Brockmeier, Peter;Einzelaspekt: Erzählliteratur (Roman, Novelle, conte);11;Die „Psycho-machie“ (405) des <e1>Prudentius</e1><rel>war das Vorbild für </rel><e2>christliches Erzählen</e2>, das menschliches Handeln mit einer gottgegebenen Wertehierarchie legitimiert: Die sieben Haupttugenden besiegen mit harter Hand die sieben Hauptlaster.;Prudentius topicInterest Christentum;topicInterest;SH;;Prudentius;war das Vorbild für ;christliches Erzählen
Brockmeier, Peter;Einzelaspekt: Erzählliteratur (Roman, Novelle, conte);11;Die „<e1>Psycho-machie</e1><rel>“ (405) des Prudentius war das Vorbild für christliches Erzählen, das</rel> <e2>menschliches Handeln</e2> mit einer gottgegebenen Wertehierarchie legitimiert: Die sieben Haupttugenden besiegen mit harter Hand die sieben Hauptlaster.;Psychomachie about Mensch;about;SH;;Psycho-machie;“ (405) des Prudentius war das Vorbild für christliches Erzählen, das;menschliches Handeln
Brockmeier, Peter;Einzelaspekt: Erzählliteratur (Roman, Novelle, conte);11;Die „Psycho-machie“ (405) des <e1>Prudentius</e1><rel>war das Vorbild für christliches Erzählen, das </rel><e2>menschliches Handeln</e2> mit einer gottgegebenen Wertehierarchie legitimiert: Die sieben Haupttugenden besiegen mit harter Hand die sieben Hauptlaster.;Prudentius topicInterest Mensch;topicInterest;SH;;Prudentius;war das Vorbild für christliches Erzählen, das ;menschliches Handeln
Brockmeier, Peter;Einzelaspekt: Erzählliteratur (Roman, Novelle, conte);11;Enide und ihre Cousine auf dem „silbernen Bett“, die „Freundin“ des Maboagrin („<e1>Erec et Enide</e1><rel>, um 1170, V. 5830 ff.), vermitteln eine </rel><e2>kritische Einschätzung</e2> der Rolle der Frau in der sogen. höfischen Liebeslehre.;Erec et Enide about Kritik;about;SH;;Erec et Enide;, um 1170, V. 5830 ff.), vermitteln eine ;kritische Einschätzung
Brockmeier, Peter;Einzelaspekt: Erzählliteratur (Roman, Novelle, conte);11;Enide und ihre Cousine auf dem „silbernen Bett“, die „Freundin“ des Maboagrin („<e1>Erec et Enide</e1><rel>, um 1170, V. 5830 ff.), vermitteln eine kritische Einschätzung der Rolle der </rel><e2>Frau</e2> in der sogen. höfischen Liebeslehre.;Erec et Enide about Frau;about;SH;;Erec et Enide;, um 1170, V. 5830 ff.), vermitteln eine kritische Einschätzung der Rolle der ;Frau
Brockmeier, Peter;Einzelaspekt: Erzählliteratur (Roman, Novelle, conte);11;Enide und ihre Cousine auf dem „silbernen Bett“, die „Freundin“ des Maboagrin („<e1>Erec et Enide</e1>“, um 1170, V. 5830 ff.), vermitteln eine kritische Einschätzung der Rolle der Frau in der sogen. höfischen Liebeslehre.;Erec et Enide about Adel;about;SH;;Erec et Enide;relation out of scope;Not Found
Brockmeier, Peter;Einzelaspekt: Erzählliteratur (Roman, Novelle, conte);11;Enide und ihre Cousine auf dem „silbernen Bett“, die „Freundin“ des Maboagrin („<e1>Erec et Enide</e1><rel>, um 1170, V. 5830 ff.), vermitteln eine kritische Einschätzung der Rolle der Frau in der sogen. höfischen </rel><e2>Liebeslehre</e2>.;Erec et Enide about Liebe;about;SH;;Erec et Enide;, um 1170, V. 5830 ff.), vermitteln eine kritische Einschätzung der Rolle der Frau in der sogen. höfischen ;Liebeslehre
Brockmeier, Peter;Einzelaspekt: Erzählliteratur (Roman, Novelle, conte);11;"<e1>François Rabelais</e1> hat in „Pantagruel“ (1532/ 33) und „Gargantua"" (1534/36) die Lebens-geschichte zweier Riesenkönige aufgegriffen und sie der Idee einer idealen Fürstenerziehung zugeordnet.";François Rabelais topicInterest Adel;topicInterest;SH;;François Rabelais;relation out of scope;Not Found
Brockmeier, Peter;Einzelaspekt: Erzählliteratur (Roman, Novelle, conte);11;"François Rabelais hat in „<e1>Pantagruel</e1>“ (1532/ 33) und „Gargantua"" (1534/36) die Lebens-geschichte zweier Riesenkönige aufgegriffen und sie der Idee einer idealen Fürstenerziehung zugeordnet.";Pantagruel about Adel;about;SH;;Pantagruel;relation out of scope;Not Found
Brockmeier, Peter;Einzelaspekt: Erzählliteratur (Roman, Novelle, conte);11;"François Rabelais hat in „Pantagruel“ (1532/ 33) und „Gargantua"" (1534/36) die Lebens-geschichte zweier Riesenkönige aufgegriffen und sie der Idee einer idealen Fürstenerziehung zugeordnet.";Gargantula about Adel;about;SH;;Not Foundz;relation out of scope;Not Found
Brockmeier, Peter;Einzelaspekt: Erzählliteratur (Roman, Novelle, conte);11;"<e1>François Rabelais</e1><rel>hat in „Pantagruel“ (1532/ 33) und „Gargantua"" (1534/36) die Lebens-geschichte zweier Riesenkönige aufgegriffen und sie der Idee einer idealen Fürstenerziehung zugeordnet. Die Gefährten der Riesen repräsentieren ihre geistigen und körperlichen Eigenschaften: Stärke, List, Behendigkeit, Bildung und Weisheit. Die Riesen erscheinen nicht mehr allein deswegen wunderbar, weil sie übermenschlich groß und bedrohlich wirken, sondern vor allem, weil sie der Natur mit äquivalenter </rel><e2>Gewalt</e2> standhalten und die Menschenwelt beherrschen und regulieren.";François Rabelais topicInterest Gewalt;topicInterest;SH;;François Rabelais;"hat in „Pantagruel“ (1532/ 33) und „Gargantua"" (1534/36) die Lebens-geschichte zweier Riesenkönige aufgegriffen und sie der Idee einer idealen Fürstenerziehung zugeordnet. Die Gefährten der Riesen repräsentieren ihre geistigen und körperlichen Eigenschaften: Stärke, List, Behendigkeit, Bildung und Weisheit. Die Riesen erscheinen nicht mehr allein deswegen wunderbar, weil sie übermenschlich groß und bedrohlich wirken, sondern vor allem, weil sie der Natur mit äquivalenter ";Gewalt
Brockmeier, Peter;Einzelaspekt: Erzählliteratur (Roman, Novelle, conte);11;"François Rabelais hat in „<e1>Pantagruel</e1><rel> (1532/ 33) und „Gargantua"" (1534/36) die Lebens-geschichte zweier Riesenkönige aufgegriffen und sie der Idee einer idealen Fürstenerziehung zugeordnet. Die Gefährten der Riesen repräsentieren ihre geistigen und körperlichen Eigenschaften: Stärke, List, Behendigkeit, Bildung und Weisheit. Die Riesen erscheinen nicht mehr allein deswegen wunderbar, weil sie übermenschlich groß und bedrohlich wirken, sondern vor allem, weil sie der Natur mit äquivalenter </rel><e2>Gewalt</e2> standhalten und die Menschenwelt beherrschen und regulieren.";Pantagruel about Gewalt;about;SH;;Pantagruel;" (1532/ 33) und „Gargantua"" (1534/36) die Lebens-geschichte zweier Riesenkönige aufgegriffen und sie der Idee einer idealen Fürstenerziehung zugeordnet. Die Gefährten der Riesen repräsentieren ihre geistigen und körperlichen Eigenschaften: Stärke, List, Behendigkeit, Bildung und Weisheit. Die Riesen erscheinen nicht mehr allein deswegen wunderbar, weil sie übermenschlich groß und bedrohlich wirken, sondern vor allem, weil sie der Natur mit äquivalenter ";Gewalt
Brockmeier, Peter;Einzelaspekt: Erzählliteratur (Roman, Novelle, conte);11;"François Rabelais hat in „Pantagruel“ (1532/ 33) und „Gargantua"" (1534/36) die Lebens-geschichte zweier Riesenkönige aufgegriffen und sie der Idee einer idealen Fürstenerziehung zugeordnet. Die Gefährten der Riesen repräsentieren ihre geistigen und körperlichen Eigenschaften: Stärke, List, Behendigkeit, Bildung und Weisheit. Die Riesen erscheinen nicht mehr allein deswegen wunderbar, weil sie übermenschlich groß und bedrohlich wirken, sondern vor allem, weil sie der Natur mit äquivalenter <e2>Gewalt</e2> standhalten und die Menschenwelt beherrschen und regulieren.";Gargantula about Gewalt;about;SH;;Not Foundz;relation out of scope;Gewalt
Brockmeier, Peter;Einzelaspekt: Erzählliteratur (Roman, Novelle, conte);11;"<e1>Sade</e1><rel> Erzählerinnen und Erzähler demonstrieren, daß die Natur, auf die sich der Mensch allein berufen kann, seine </rel><e2>Vernunft</e2> ist; eine Rechtfertigung oder Legitimation außerhalb oder gar über der Vernunft gibt es nicht.";Marquis de Sade topicInterest Vernunft;topicInterest;SH;;Sade; Erzählerinnen und Erzähler demonstrieren, daß die Natur, auf die sich der Mensch allein berufen kann, seine ;Vernunft
Brockmeier, Peter;Einzelaspekt: Erzählliteratur (Roman, Novelle, conte);11;Der Erzähler <e1>Sade</e1><rel>assoziiert die </rel><e2>Revolution</e2> mit der Aufklärung und verhöhnt die Idee, daß sich individuelle Neigungen durch Belehrung dem Wohl des Ganzen unterordnen lassen.;Marquis de Sade topicInterest Revolution;topicInterest;SH;;Sade;assoziiert die ;Revolution
Brockmeier, Peter;Einzelaspekt: Erzählliteratur (Roman, Novelle, conte);11;Der Erzähler <e1>Sade</e1><rel>assoziiert die Revolution mit der </rel><e2>Aufklärung</e2> und verhöhnt die Idee, daß sich individuelle Neigungen durch Belehrung dem Wohl des Ganzen unterordnen lassen.;Marquis de Sade topicInterest Aufklärung;topicInterest;SH;;Sade;assoziiert die Revolution mit der ;Aufklärung
Brockmeier, Peter;Einzelaspekt: Erzählliteratur (Roman, Novelle, conte);11;Der Erzähler <e1>Sade</e1><rel>assoziiert die Revolution mit der Aufklärung und verhöhnt die Idee, daß sich </rel><e2>individuelle Neigungen</e2> durch Belehrung dem Wohl des Ganzen unterordnen lassen.;Marquis de Sade topicInterest Individualität;topicInterest;SH;;Sade;assoziiert die Revolution mit der Aufklärung und verhöhnt die Idee, daß sich ;individuelle Neigungen
Brockmeier, Peter;Einzelaspekt: Erzählliteratur (Roman, Novelle, conte);11;Der Erzähler <e1>Sade</e1> <rel>assoziiert die Revolution mit der Aufklärung und verhöhnt die Idee, daß sich individuelle Neigungen durch Belehrung dem</rel> <e2>Wohl des Ganzen</e2> unterordnen lassen.;Marquis de Sade topicInterest Allgemeinwohl;topicInterest;SH;;Sade;assoziiert die Revolution mit der Aufklärung und verhöhnt die Idee, daß sich individuelle Neigungen durch Belehrung dem;Wohl des Ganzen
Brockmeier, Peter;Einzelaspekt: Erzählliteratur (Roman, Novelle, conte);11;[Der Erzähler <e1>Sade</e1> assoziiert die Revolution mit der Aufklärung und verhöhnt die Idee, daß sich individuelle Neigungen durch Belehrung dem Wohl des Ganzen unterordnen lassen.] Er bot den folgenden Erzählern das spannende - auch trivial zu nutzende - Szenarium einer Verschwörung der Reichen, Mächtigen, Skrupellosen, die ihre Gelüste auf Kosten der Anständigen und der Armen mit verblüffendem Erfolg durchsetzen.;Marquis de Sade topicInterest Macht;topicInterest;SH;;Sade;relation out of scope;
Brockmeier, Peter;Einzelaspekt: Erzählliteratur (Roman, Novelle, conte);11;[Der Erzähler <e1>Sade</e1> assoziiert die Revolution mit der Aufklärung und verhöhnt die Idee, daß sich individuelle Neigungen durch Belehrung dem Wohl des Ganzen unterordnen lassen.] Er bot den folgenden Erzählern das spannende - auch trivial zu nutzende - Szenarium einer Verschwörung der Reichen, Mächtigen, Skrupellosen, die ihre Gelüste auf Kosten der Anständigen und der Armen mit verblüffendem Erfolg durchsetzen.;Marquis de Sade topicInterest Sittenlosigkeit;topicInterest;SH;;Sade;relation out of scope;Not Found
Brockmeier, Peter;Einzelaspekt: Erzählliteratur (Roman, Novelle, conte);11;Schließlich hat <e1>Sade</e1><rel>eine Ästhetik der </rel><e2>Schrecken</e2> stiftenden dichterischen Phantasie geschaffen, indem er moralisch negativen Erzählfiguren „Genie“ einflößte, d.i. „die musterhafte Originalität der Naturgabe eines Subjekts im freien Gebrauche seiner Erkenntnisvermögen“ (I. Kant, “Kritik der Urteilskraft”, § 49).;Marquis de Sade topicInterest Schrecken;topicInterest;SH;;Sade;eine Ästhetik der ;Schrecken
