Anzahl,Wort aus Vokabular,Tokennummer im Text,Passage,Name Datei
8,Comment,147615,Autor später in Comment j'ai ecrit certains,Grimm_Hartwig_FranzösischeLiteraturgeschichte_komplettesBuch.txt
8,Comment,175651,In Amedee ou Comment s'en debarrasser (1954),Grimm_Hartwig_FranzösischeLiteraturgeschichte_komplettesBuch.txt
8,Comment,194547,gewidmet sind. Mit Comment vous racontez la,Grimm_Hartwig_FranzösischeLiteraturgeschichte_komplettesBuch.txt
8,Comment,238512,satirischen Sendungen wie Comment qa va? von,Grimm_Hartwig_FranzösischeLiteraturgeschichte_komplettesBuch.txt
8,Comment,248688,"357 - 	 Comment c'est, S. 357",Grimm_Hartwig_FranzösischeLiteraturgeschichte_komplettesBuch.txt
8,Comment,262702,458 - 	 Comment faire l'amour avec,Grimm_Hartwig_FranzösischeLiteraturgeschichte_komplettesBuch.txt
8,Comment,270761,396 - 	 Comment vous racontez la,Grimm_Hartwig_FranzösischeLiteraturgeschichte_komplettesBuch.txt
8,Comment,271978,302 - 	 Comment j'ai ecrit certains,Grimm_Hartwig_FranzösischeLiteraturgeschichte_komplettesBuch.txt
7,Familien,12060,"weitesten Sinne die Familien der Verräter bündelt,",Grimm_Hartwig_FranzösischeLiteraturgeschichte_komplettesBuch.txt
7,Familien,57926,innerhalb der herrschenden Familien zurückzuführen. Sie enden,Grimm_Hartwig_FranzösischeLiteraturgeschichte_komplettesBuch.txt
7,Familien,141886,Glied zweier kranker Familien im Wahnsinn endet;,Grimm_Hartwig_FranzösischeLiteraturgeschichte_komplettesBuch.txt
7,Familien,142959,"einzelner Individuen oder Familien ausgleichenden, unendlich reichen",Grimm_Hartwig_FranzösischeLiteraturgeschichte_komplettesBuch.txt
7,Familien,160230,"1920er Jahre, von Familien und der Übermacht",Grimm_Hartwig_FranzösischeLiteraturgeschichte_komplettesBuch.txt
7,Familien,223523,"Schicksale dreier chinesischer Familien und ihres Versuchs,",Grimm_Hartwig_FranzösischeLiteraturgeschichte_komplettesBuch.txt
7,Familien,239272,sich fernab ihrer Familien in Umgebungen und,Grimm_Hartwig_FranzösischeLiteraturgeschichte_komplettesBuch.txt
11,Gefühle,23460,d'Angleterre unterzieht die Gefühle einer emotional tief,Grimm_Hartwig_FranzösischeLiteraturgeschichte_komplettesBuch.txt
11,Gefühle,78830,die Bezwingung der Gefühle der Vorherrschaft von,Grimm_Hartwig_FranzösischeLiteraturgeschichte_komplettesBuch.txt
11,Gefühle,81072,unkonventioneller Ausdruck persönlicher Gefühle und Empfindungen: Viau,Grimm_Hartwig_FranzösischeLiteraturgeschichte_komplettesBuch.txt
11,Gefühle,115675,>hommes sauvages< entstehen Gefühle wie Liebe und,Grimm_Hartwig_FranzösischeLiteraturgeschichte_komplettesBuch.txt
11,Gefühle,139874,"große Taten, große Gefühle wie abgrundtiefe Bosheit,",Grimm_Hartwig_FranzösischeLiteraturgeschichte_komplettesBuch.txt
11,Gefühle,178559,in Momente intensiver Gefühle zerlegt. Den vorbewussten,Grimm_Hartwig_FranzösischeLiteraturgeschichte_komplettesBuch.txt
11,Gefühle,180983,"Sie sollen weder Gefühle noch Ideen ausdrücken,",Grimm_Hartwig_FranzösischeLiteraturgeschichte_komplettesBuch.txt
11,Gefühle,201275,analysieren ihre eigenen Gefühle und Wünsche (Ni,Grimm_Hartwig_FranzösischeLiteraturgeschichte_komplettesBuch.txt
11,Gefühle,205328,der sowohl extreme Gefühle (wie in der,Grimm_Hartwig_FranzösischeLiteraturgeschichte_komplettesBuch.txt
11,Gefühle,209271,der Logik dieser Gefühle und ihrer lebensweltlichen,Grimm_Hartwig_FranzösischeLiteraturgeschichte_komplettesBuch.txt
11,Gefühle,210965,der Aufrichtigkeit seiner Gefühle für Isabelle und,Grimm_Hartwig_FranzösischeLiteraturgeschichte_komplettesBuch.txt
1,Inbrunst,49717,will. Mit besonderer Inbrunst verurteilt er modische,Grimm_Hartwig_FranzösischeLiteraturgeschichte_komplettesBuch.txt
4,Reiz,110172,Überraschende. Der besondere Reiz dieser Komödie liegt,Grimm_Hartwig_FranzösischeLiteraturgeschichte_komplettesBuch.txt
4,Reiz,127376,phischen macht den Reiz des >roman personnel<,Grimm_Hartwig_FranzösischeLiteraturgeschichte_komplettesBuch.txt
4,Reiz,159996,clandestin<. Der besondere Reiz dieses Prosawerks liegt,Grimm_Hartwig_FranzösischeLiteraturgeschichte_komplettesBuch.txt
4,Reiz,162369,bis heute ungebrochene Reiz seiner Werke beruhen,Grimm_Hartwig_FranzösischeLiteraturgeschichte_komplettesBuch.txt
3,Trauerarbeit,185625,a l'agonie«. Heilsame Trauerarbeit und Erinnerung sind,Grimm_Hartwig_FranzösischeLiteraturgeschichte_komplettesBuch.txt
3,Trauerarbeit,191298,den Gedichtbänden zunehmende Trauerarbeit (La mort a,Grimm_Hartwig_FranzösischeLiteraturgeschichte_komplettesBuch.txt
3,Trauerarbeit,205352,"reste, 2005) oder Trauerarbeit (Sous le sable,",Grimm_Hartwig_FranzösischeLiteraturgeschichte_komplettesBuch.txt
12,Tugenden,22161,Kodex der ritterlichen Tugenden kann er so,Grimm_Hartwig_FranzösischeLiteraturgeschichte_komplettesBuch.txt
12,Tugenden,39448,"zwischen personifizierten christlichen Tugenden und Lastern illustriert,",Grimm_Hartwig_FranzösischeLiteraturgeschichte_komplettesBuch.txt
12,Tugenden,39588,"eines Flügels verschiedene Tugenden zuordnet, und L'armure",Grimm_Hartwig_FranzösischeLiteraturgeschichte_komplettesBuch.txt
12,Tugenden,39603,demselben Prinzip die Tugenden in den Teilen,Grimm_Hartwig_FranzösischeLiteraturgeschichte_komplettesBuch.txt
12,Tugenden,39615,Neben Sünden und Tugenden erscheinen auch regionale,Grimm_Hartwig_FranzösischeLiteraturgeschichte_komplettesBuch.txt
12,Tugenden,40305,von Personifikationen von Tugenden und Gefühlsregungen positiver,Grimm_Hartwig_FranzösischeLiteraturgeschichte_komplettesBuch.txt
12,Tugenden,47965,"eine Gelegenheit, ritterliche Tugenden unter Beweis zu",Grimm_Hartwig_FranzösischeLiteraturgeschichte_komplettesBuch.txt
12,Tugenden,83104,"edle Gesinnung und Tugenden besitzen. Francion, der",Grimm_Hartwig_FranzösischeLiteraturgeschichte_komplettesBuch.txt
12,Tugenden,91752,"auch den vermeintlichen Tugenden zugrunde liegt: Liebe,",Grimm_Hartwig_FranzösischeLiteraturgeschichte_komplettesBuch.txt
12,Tugenden,95388,Natürlichkeit und republikanische Tugenden und entwirft ein,Grimm_Hartwig_FranzösischeLiteraturgeschichte_komplettesBuch.txt
12,Tugenden,115005,"staatsbürgerlichen und moralischen Tugenden geschwächt haben. Verstellung,",Grimm_Hartwig_FranzösischeLiteraturgeschichte_komplettesBuch.txt
12,Tugenden,115065,der alten republikanischen Tugenden Spartas und Roms,Grimm_Hartwig_FranzösischeLiteraturgeschichte_komplettesBuch.txt
2,Tugendhaftigkeit,71468,Willens erzeugt hier Tugendhaftigkeit und Eintracht. Das,Grimm_Hartwig_FranzösischeLiteraturgeschichte_komplettesBuch.txt
2,Tugendhaftigkeit,219764,dem er die Tugendhaftigkeit der heidnischen Kariben,Grimm_Hartwig_FranzösischeLiteraturgeschichte_komplettesBuch.txt
1,erotisch,107739,das psychologische Erzählen erotisch aufgeladen. Die Moralität,Grimm_Hartwig_FranzösischeLiteraturgeschichte_komplettesBuch.txt
1,gestorben,230191,der als Selbstmordattentäter gestorben ist und aus,Grimm_Hartwig_FranzösischeLiteraturgeschichte_komplettesBuch.txt
3,lieben,25782,Turnier verlorenen Auges lieben können? Andreas Capellanus,Grimm_Hartwig_FranzösischeLiteraturgeschichte_komplettesBuch.txt
3,lieben,86236,"Rodrigue und Chimene lieben sich, als ein",Grimm_Hartwig_FranzösischeLiteraturgeschichte_komplettesBuch.txt
3,lieben,211902,"Mann, der sie lieben soll, umgehend verfallen",Grimm_Hartwig_FranzösischeLiteraturgeschichte_komplettesBuch.txt
11,moralisch,40678,"weist, die ihn moralisch veredeln und kultivieren",Grimm_Hartwig_FranzösischeLiteraturgeschichte_komplettesBuch.txt
11,moralisch,63390,"zwar intellektuell hochstehendes, moralisch aber verdorbenes und",Grimm_Hartwig_FranzösischeLiteraturgeschichte_komplettesBuch.txt
11,moralisch,72239,"Absicht des Buches, moralisch zu belehren, sehr",Grimm_Hartwig_FranzösischeLiteraturgeschichte_komplettesBuch.txt
11,moralisch,79999,"die Kasuistik, die moralisch strittige Fragen nicht",Grimm_Hartwig_FranzösischeLiteraturgeschichte_komplettesBuch.txt
11,moralisch,80322,"gültiger Wahrheiten versagt; moralisch schließlich wird er,",Grimm_Hartwig_FranzösischeLiteraturgeschichte_komplettesBuch.txt
11,moralisch,108237,"und ausprobieren, was moralisch und politisch (nicht)",Grimm_Hartwig_FranzösischeLiteraturgeschichte_komplettesBuch.txt
11,moralisch,108245,und was überhaupt moralisch relevant ist. In,Grimm_Hartwig_FranzösischeLiteraturgeschichte_komplettesBuch.txt
11,moralisch,112816,"die Allgegenwart des moralisch und ästhetisch Monströsen,",Grimm_Hartwig_FranzösischeLiteraturgeschichte_komplettesBuch.txt
11,moralisch,126777,"kompromittieren, turmhoch den moralisch verkommenen Figuren wie",Grimm_Hartwig_FranzösischeLiteraturgeschichte_komplettesBuch.txt
11,moralisch,131754,"mani-chäischem, klar und moralisch einwandfrei trennbarem Gut-Böse-Schematismus",Grimm_Hartwig_FranzösischeLiteraturgeschichte_komplettesBuch.txt
11,moralisch,173747,"Henry de Montherlant, moralisch und ideologisch von",Grimm_Hartwig_FranzösischeLiteraturgeschichte_komplettesBuch.txt
2,natürlich,34710,"abzeichnet, findet sich natürlich auch in der",Grimm_Hartwig_FranzösischeLiteraturgeschichte_komplettesBuch.txt
2,natürlich,219463,und nicht zuletzt natürlich mit Europa. Bereits,Grimm_Hartwig_FranzösischeLiteraturgeschichte_komplettesBuch.txt
1,verstorben,84627,der soeben (1650) verstorben ist. Mit der,Grimm_Hartwig_FranzösischeLiteraturgeschichte_komplettesBuch.txt
2,Unmoral,5193,Satiren auf die Unmoral des Adels und,Rieger_ Kapitel1.txt
2,Unmoral,12382,der Charybdis der Unmoral zu finden. Realistische,Rieger_ Kapitel1.txt
4,natürlich,1800,"sein wird, erfolgen natürlich nicht gleichzeitig und",Rieger_ Kapitel1.txt
4,natürlich,3305,Einschnitt heißt aber natürlich — was letztere,Rieger_ Kapitel1.txt
4,natürlich,5971,"Staat - aber natürlich auch Gott, auf",Rieger_ Kapitel1.txt
4,natürlich,8038,diese Ziffern aber natürlich ohne Berücksichtigung der,Rieger_ Kapitel1.txt
1,Gefühle,4132,>hommes sauvages< entstehen Gefühle wie Liebe und,Grimm_Hartwig_Diderot_Rousseau_226-238.txt
2,Tugenden,3533,"staatsbürgerlichen und moralischen Tugenden geschwächt haben. Verstellung,",Grimm_Hartwig_Diderot_Rousseau_226-238.txt
2,Tugenden,3564,der alten republikanischen Tugenden Spartas und Roms,Grimm_Hartwig_Diderot_Rousseau_226-238.txt
1,moralisch,1422,"die Allgegenwart des moralisch und ästhetisch Monströsen,",Grimm_Hartwig_Diderot_Rousseau_226-238.txt
1,Familien,10671,entrinnen mit ihren Familien dem Untergang; sie,Brockmeier_Wetzel.txt
4,Gefühle,4393,"lang seine wahren Gefühle verschwiegen, insgeheim aber",Brockmeier_Wetzel.txt
4,Gefühle,4408,doch seine echten Gefühle wenigstens postum kundtun.,Brockmeier_Wetzel.txt
4,Gefühle,10388,an dem seine Gefühle hängen — »ce,Brockmeier_Wetzel.txt
4,Gefühle,14694,Mlle Habert die Gefühle der Frömmigkeit in,Brockmeier_Wetzel.txt
1,Sittenlehre,22752,Psychologie von Kants Sittenlehre - er versucht,Brockmeier_Wetzel.txt
1,Tugenden,4029,nicht! Die einzelnen Tugenden der Menschen entspringen,Brockmeier_Wetzel.txt
2,Tugendhaftigkeit,10429,"und um die Tugendhaftigkeit der Perse- rinnen,",Brockmeier_Wetzel.txt
2,Tugendhaftigkeit,22618,unterwirft; daß die Tugendhaftigkeit keine Frucht der,Brockmeier_Wetzel.txt
1,gestorben,30327,einem anderen Tag gestorben (oder habe niemals,Brockmeier_Wetzel.txt
3,lieben,1322,"Einschüchterung auf den lieben Gott, den Teufel",Brockmeier_Wetzel.txt
3,lieben,4759,"2, 44-45): Alle lieben einander wie Bruder",Brockmeier_Wetzel.txt
3,lieben,21703,Baronesse Julie d’Étange lieben einander; es erscheint,Brockmeier_Wetzel.txt
3,moralisch,7652,nicht nur mit moralisch hochstehenden Philosophen zu,Brockmeier_Wetzel.txt
3,moralisch,13360,"so ohne weiterc moralisch verurteilen, weil auch",Brockmeier_Wetzel.txt
3,moralisch,21604,ein physisch und moralisch freies Wesen dazu,Brockmeier_Wetzel.txt
3,natürlich,4823,"Antiklenkalismus weiterzureichen, der natürlich die in erster",Brockmeier_Wetzel.txt
3,natürlich,8543,er einen ihm natürlich erscheinenden Negativ-Katalog der,Brockmeier_Wetzel.txt
3,natürlich,16562,"schrecklichen Erscheinungen suggeriert natürlich die Frage, oh",Brockmeier_Wetzel.txt
1,starb,30204,beiden Sätzen: »Napoleon starb am 5. Mai,Brockmeier_Wetzel.txt
2,Gefühle,4556,„Seitdem alle natürlichen Gefühle durch die bis,Schröder XI_c.txt
2,Gefühle,12599,"natürlichen Lauf seiner Gefühle zu ändern, aber",Schröder XI_c.txt
1,Tugenden,986,nur durch seine Tugenden adlig und nur,Schröder XI_c.txt
2,Tugendhaftigkeit,591,hohe Moral: „extreme Tugendhaftigkeit in extremem Unglück“.3,Schröder XI_c.txt
2,Tugendhaftigkeit,7172,eine unversöhnliche heroische Tugendhaftigkeit demonstriert - „ich,Schröder XI_c.txt
2,moralisch,6498,der Aufklärung für moralisch unglaubwürdig. Im Jahre,Schröder XI_c.txt
2,moralisch,10393,vielmehr durch ein moralisch zu verurteilendes Subjekt,Schröder XI_c.txt
1,erotisch,10371,das psychologische Erzählen erotisch aufgeladen. Die Moralität,Grimm_Hartwig_Das_Jahrhundert_der_Aufklärung_196-221.txt
2,moralisch,10864,"und ausprobieren, was moralisch und politisch (nicht)",Grimm_Hartwig_Das_Jahrhundert_der_Aufklärung_196-221.txt
2,moralisch,10872,und was überhaupt moralisch relevant ist. In,Grimm_Hartwig_Das_Jahrhundert_der_Aufklärung_196-221.txt
1,natürlich,2687,"erzählerischem Werk, das natürlich ebenfalls in diesen",Schröder XI b.txt
1,moralisch,4245,"geschaffen, indem er moralisch negativen Erzählfiguren „Genie“",brockmeier_einzelaspekt-erzahlliteratur.txt
3,Sittenlehre,15380,daß einzig die Sittenlehre die wahre Religion,Hettner_132-237.txt
3,Sittenlehre,19128,geweſen; in der Sittenlehre aber hat er,Hettner_132-237.txt
3,Sittenlehre,19760,"ten, in der Sittenlehre immer übereinſtimmend geweſen.""",Hettner_132-237.txt
1,Tugenden,23621,wohl auch vereinzelte Tugenden und vereinzel⸗ tes,Hettner_132-237.txt
4,lieben,1979,die Geltendmachung der lieben Perſönlichkeit als höchſter,Hettner_132-237.txt
4,lieben,15284,"den Aberglauben, wir lieben Gott und das",Hettner_132-237.txt
4,lieben,18262,dieſe als Be⸗ lieben und Willkür gefaßt,Hettner_132-237.txt
4,lieben,27910,"bitten, Fräulein ves lieben zu dürfen?"" LJngénü",Hettner_132-237.txt
