Autor;Titel;Seite;Passage;Aussage;Code des Typs;Annotator*in;Anmerkung;E1;Relation;E2;POST
Baasner, Frank;Libertinage und Empfindsamkeit;15;Ein <e2>pornographischer Text</e2> <rel>wie die</rel> <e1>Thérèse philosophe</e1> (1748) ist in gleichem Maße ein philosophischer Traktat.;Thérèse philosophe about Erotik;about;SH;;Thérèse philosophe;wie die;pornographischer Text;
Baasner, Frank;Libertinage und Empfindsamkeit;15;Ein pornographischer Text wie die <e1>Thérèse philosophe</e1><rel>(1748) ist in gleichem Maße ein </rel><e2>philosophischer Traktat</e2>.;Thérèse philosophe about Philosophie;about;SH;;Thérèse philosophe;(1748) ist in gleichem Maße ein ;philosophischer Traktat;
Baasner, Frank;Libertinage und Empfindsamkeit;15;Die erotische Libertinage der Aufklärung steht eindeutig in der ungebrochenen Tradition laizistischen, <e2>materialistischen Denkens</e2><rel> das vom Gassendismus des XVII. Jahrhunderts bis zu </rel><e1>Helvétius</e1> reicht.;Helvétius topicInterest Materialismus*;topicInterest;SH;*+ Ideologie;Helvétius; das vom Gassendismus des XVII. Jahrhunderts bis zu ;materialistischen Denkens;
Baasner, Frank;Libertinage und Empfindsamkeit;16;[In <e1>Tirso de Molina</e1><rel> Burlador de Sevilla (1630) allerdings, der als Prototyp den langen Reigen europäischer Don Juans eröffnet, ist von dieser Verknüpfung noch nichts zu merken.] Tirso geht es um die Stilisierung eines ins überdimensionale gesteigerten </rel><e2>Sünders</e2>, dessen grausames Ende der Christenheit als Exemplum für die gerechte Strafe Gottes dienen soll.;Tirso de Molina topicInterest Sünde;topicInterest;SH;;Tirso de Molina; Burlador de Sevilla (1630) allerdings, der als Prototyp den langen Reigen europäischer Don Juans eröffnet, ist von dieser Verknüpfung noch nichts zu merken.] Tirso geht es um die Stilisierung eines ins überdimensionale gesteigerten ;Sünders;
Baasner, Frank;Libertinage und Empfindsamkeit;16;[In <e1>Tirso de Molinas</e1> <rel>Burlador de Sevilla (1630) allerdings, der als Prototyp den langen Reigen europäischer Don Juans eröffnet, ist von dieser Verknüpfung noch nichts zu merken.] Tirso geht es um die Stilisierung eines ins überdimensionale gesteigerten Sünders, dessen grausames Ende der Christenheit als Exemplum für die gerechte</rel> <e2>Strafe Gottes</e2> dienen soll.;Tirso de Molina topicInterest Bestrafung;topicInterest;SH;;Tirso de Molinas;Burlador de Sevilla (1630) allerdings, der als Prototyp den langen Reigen europäischer Don Juans eröffnet, ist von dieser Verknüpfung noch nichts zu merken.] Tirso geht es um die Stilisierung eines ins überdimensionale gesteigerten Sünders, dessen grausames Ende der Christenheit als Exemplum für die gerechte;Strafe Gottes;
Baasner, Frank;Libertinage und Empfindsamkeit;16;[In <e1>Tirso de Molina</e1><rel> Burlador de Sevilla (1630) allerdings, der als Prototyp den langen Reigen europäischer Don Juans eröffnet, ist von dieser Verknüpfung noch nichts zu merken.] Tirso geht es um die Stilisierung eines ins überdimensionale gesteigerten Sünders, dessen grausames Ende der Christenheit als Exemplum für die gerechte Strafe </rel><e2>Gottes</e2> dienen soll.;Tirso de Molina topicInterest Gott;topicInterest;SH;;Tirso de Molina; Burlador de Sevilla (1630) allerdings, der als Prototyp den langen Reigen europäischer Don Juans eröffnet, ist von dieser Verknüpfung noch nichts zu merken.] Tirso geht es um die Stilisierung eines ins überdimensionale gesteigerten Sünders, dessen grausames Ende der Christenheit als Exemplum für die gerechte Strafe ;Gottes;
Baasner, Frank;Libertinage und Empfindsamkeit;16;[In Tirso de Molinas <e1>Burlador de Sevilla</e1><rel>(1630) allerdings, der als Prototyp den langen Reigen europäischer Don Juans eröffnet, ist von dieser Verknüpfung noch nichts zu merken.] Tirso geht es um die Stilisierung eines ins überdimensionale gesteigerten </rel><e2>Sünders</e2>, dessen grausames Ende der Christenheit als Exemplum für die gerechte Strafe Gottes dienen soll.;Burlador de Sevilla about Sünde;about;SH;;Burlador de Sevilla;(1630) allerdings, der als Prototyp den langen Reigen europäischer Don Juans eröffnet, ist von dieser Verknüpfung noch nichts zu merken.] Tirso geht es um die Stilisierung eines ins überdimensionale gesteigerten ;Sünders;
Baasner, Frank;Libertinage und Empfindsamkeit;16;[In Tirso de Molinas <e1>Burlador de Sevilla</e1> <rel>(1630) allerdings, der als Prototyp den langen Reigen europäischer Don Juans eröffnet, ist von dieser Verknüpfung noch nichts zu merken.] Tirso geht es um die Stilisierung eines ins überdimensionale gesteigerten Sünders, dessen grausames Ende der Christenheit als Exemplum für die gerechte </rel><e2> Strafe Gottes</e2> dienen soll.;Burlador de Sevilla about Bestrafung;about;SH;;Burlador de Sevilla;(1630) allerdings, der als Prototyp den langen Reigen europäischer Don Juans eröffnet, ist von dieser Verknüpfung noch nichts zu merken.] Tirso geht es um die Stilisierung eines ins überdimensionale gesteigerten Sünders, dessen grausames Ende der Christenheit als Exemplum für die gerechte ; Strafe Gottes;
Baasner, Frank;Libertinage und Empfindsamkeit;16;[In Tirso de Molinas <e1>Burlador de Sevilla</e1><rel>(1630) allerdings, der als Prototyp den langen Reigen europäischer Don Juans eröffnet, ist von dieser Verknüpfung noch nichts zu merken.] Tirso geht es um die Stilisierung eines ins überdimensionale gesteigerten Sünders, dessen grausames Ende der Christenheit als Exemplum für die gerechte Strafe </rel><e2>Gottes</e2> dienen soll.;Burlador de Sevilla about Gott;about;SH;;Burlador de Sevilla;(1630) allerdings, der als Prototyp den langen Reigen europäischer Don Juans eröffnet, ist von dieser Verknüpfung noch nichts zu merken.] Tirso geht es um die Stilisierung eines ins überdimensionale gesteigerten Sünders, dessen grausames Ende der Christenheit als Exemplum für die gerechte Strafe ;Gottes;
Baasner, Frank;Libertinage und Empfindsamkeit;16-17;[In <e1>Tirso de Molinas</e1> <rel>Burlador de Sevilla (1630) allerdings, der als Prototyp den langen Reigen europäischer Don Juans eröffnet, ist von dieser Verknüpfung noch nichts zu merken.(...)] Der Sündenkatalog Don Juans umfaßt dann auch neben der</rel> <e2>Fleischeslust</e2> den Betrug, die Täuschung (burlar es hdbito antiguo mio, I 15) und keinesfalls weitere intellektuelle Vergehen, wie sie den Freidenkern des XVII. Jahrhunderts in Frankreich vorgeworfen wurden.;Tirso de Molina topicInterest Erotik;topicInterest;SH;*Fleischeslust;Tirso de Molinas;Burlador de Sevilla (1630) allerdings, der als Prototyp den langen Reigen europäischer Don Juans eröffnet, ist von dieser Verknüpfung noch nichts zu merken.(...)] Der Sündenkatalog Don Juans umfaßt dann auch neben der;Fleischeslust;
Baasner, Frank;Libertinage und Empfindsamkeit;16-17;[In <e1>Tirso de Molinas</e1><rel> Burlador de Sevilla (1630) allerdings, der als Prototyp den langen Reigen europäischer Don Juans eröffnet, ist von dieser Verknüpfung noch nichts zu merken.(...)] Der Sündenkatalog Don Juans umfaßt dann auch neben der Fleischeslust den </rel><e2>Betrug</e2>, die Täuschung (burlar es hdbito antiguo mio, I 15) und keinesfalls weitere intellektuelle Vergehen, wie sie den Freidenkern des XVII. Jahrhunderts in Frankreich vorgeworfen wurden.;Tirso de Molina topicInterest Betrug;topicInterest;SH;;Tirso de Molinas; Burlador de Sevilla (1630) allerdings, der als Prototyp den langen Reigen europäischer Don Juans eröffnet, ist von dieser Verknüpfung noch nichts zu merken.(...)] Der Sündenkatalog Don Juans umfaßt dann auch neben der Fleischeslust den ;Betrug;
Baasner, Frank;Libertinage und Empfindsamkeit;16-17;[In Tirso de Molinas <e1>Burlador de Sevilla</e1> <rel>(1630) allerdings, der als Prototyp den langen Reigen europäischer Don Juans eröffnet, ist von dieser Verknüpfung noch nichts zu merken.(...)] Der Sündenkatalog Don Juans umfaßt dann auch neben der</rel> <e2>Fleischeslust</e2> den Betrug, die Täuschung (burlar es hdbito antiguo mio, I 15) und keinesfalls weitere intellektuelle Vergehen, wie sie den Freidenkern des XVII. Jahrhunderts in Frankreich vorgeworfen wurden.;Burlador de Sevilla about Erotik;about;SH;;Burlador de Sevilla;(1630) allerdings, der als Prototyp den langen Reigen europäischer Don Juans eröffnet, ist von dieser Verknüpfung noch nichts zu merken.(...)] Der Sündenkatalog Don Juans umfaßt dann auch neben der;Fleischeslust;
Baasner, Frank;Libertinage und Empfindsamkeit;16-17;[In Tirso de Molinas <e1>Burlador de Sevilla</e1><rel>(1630) allerdings, der als Prototyp den langen Reigen europäischer Don Juans eröffnet, ist von dieser Verknüpfung noch nichts zu merken.(...)] Der Sündenkatalog Don Juans umfaßt dann auch neben der Fleischeslust den </rel><e2>Betrug</e2>, die Täuschung (burlar es hdbito antiguo mio, I 15) und keinesfalls weitere intellektuelle Vergehen, wie sie den Freidenkern des XVII. Jahrhunderts in Frankreich vorgeworfen wurden.;Burlador de Sevilla about Betrug;about;SH;;Burlador de Sevilla;(1630) allerdings, der als Prototyp den langen Reigen europäischer Don Juans eröffnet, ist von dieser Verknüpfung noch nichts zu merken.(...)] Der Sündenkatalog Don Juans umfaßt dann auch neben der Fleischeslust den ;Betrug;
Baasner, Frank;Libertinage und Empfindsamkeit;17;Dies sind interessanterweise nicht in erster Linie die Familienmitglieder, sondern der <e2>König in seiner Eigenschaft als Statthalter</e2><rel>, Gottes auf Erden und Gott selbst. (Mas no imparta que se vaya, / que en lapresencia de/ Rey / tengo de pedir venganza, I 18, auch III 10). Der völlig triebgeleitete Don Juan </rel><e1>Tirso</e1>s hat keine irdische Rache zu fürchten, seine Sünden werden durch unmittelbaren Eingriff der göttlichen Autorität geahndet.;Tirso de Molina topicInterest Adel;topicInterest;SH;;Tirso;, Gottes auf Erden und Gott selbst. (Mas no imparta que se vaya, / que en lapresencia de/ Rey / tengo de pedir venganza, I 18, auch III 10). Der völlig triebgeleitete Don Juan ;König in seiner Eigenschaft als Statthalter;
Baasner, Frank;Libertinage und Empfindsamkeit;17;Dies sind interessanterweise nicht in erster Linie die Familienmitglieder, sondern der König in seiner Eigenschaft als Statthalter, <e2>Gottes</e2><rel>auf Erden und Gott selbst. (Mas no imparta que se vaya, / que en lapresencia de/ Rey / tengo de pedir venganza, I 18, auch III 10). Der völlig triebgeleitete Don Juan </rel><e1>Tirso</e1>s hat keine irdische Rache zu fürchten, seine Sünden werden durch unmittelbaren Eingriff der göttlichen Autorität geahndet.;Tirso de Molina topicInterest Gott;topicInterest;SH;;Tirso;auf Erden und Gott selbst. (Mas no imparta que se vaya, / que en lapresencia de/ Rey / tengo de pedir venganza, I 18, auch III 10). Der völlig triebgeleitete Don Juan ;Gottes;
Baasner, Frank;Libertinage und Empfindsamkeit;17;[Der völlig triebgeleitete Don Juan <e1>Tirsos</e1><rel> hat keine irdische Rache zu fürchten, seine Sünden werden durch unmittelbaren Eingriff der göttlichen Autorität geahndet. (...)] </rel><e2>Schuld</e2> und Strafe stellen die Ordnung wieder her:;Tirso de Molina topicInterest Schuld;topicInterest;SH;;Tirsos; hat keine irdische Rache zu fürchten, seine Sünden werden durch unmittelbaren Eingriff der göttlichen Autorität geahndet. (...)] ;Schuld;
Baasner, Frank;Libertinage und Empfindsamkeit;17;[Der völlig triebgeleitete Don Juan <e1>Tirsos</e1> <rel>hat keine irdische Rache zu fürchten, seine Sünden werden durch unmittelbaren Eingriff der göttlichen Autorität geahndet. (...)] Schuld und</rel> <e2>Strafe</e2> stellen die Ordnung wieder her:;Tirso de Molina topicInterest Bestrafung;topicInterest;SH;;Tirsos;hat keine irdische Rache zu fürchten, seine Sünden werden durch unmittelbaren Eingriff der göttlichen Autorität geahndet. (...)] Schuld und;Strafe;
Baasner, Frank;Libertinage und Empfindsamkeit;17;Ganz anders <e1>Molière</e1><rel> In seiner Bearbeitung des Stoffs verknüpft er verschiedene Aspekte, die Dom Juan nicht mehr nur als triebhaften </rel><e2>Sünder</e2> erscheinen lassen, sondern als in jeder Beziehung für die moralische und theologische Ordnung bedrohlichen Menschentyp.;Molière topicInterest Sünde;topicInterest;SH;;Molière; In seiner Bearbeitung des Stoffs verknüpft er verschiedene Aspekte, die Dom Juan nicht mehr nur als triebhaften ;Sünder;
Baasner, Frank;Libertinage und Empfindsamkeit;17;Ganz anders <e1>Molière</e1><rel> In seiner Bearbeitung des Stoffs verknüpft er verschiedene Aspekte, die Dom Juan nicht mehr nur als triebhaften Sünder erscheinen lassen, sondern als in jeder Beziehung für die </rel><e2>moralische und theologische Ordnung</e2> bedrohlichen Menschentyp.;Molière topicInterest Moral;topicInterest;SH;;Molière; In seiner Bearbeitung des Stoffs verknüpft er verschiedene Aspekte, die Dom Juan nicht mehr nur als triebhaften Sünder erscheinen lassen, sondern als in jeder Beziehung für die ;moralische und theologische Ordnung;
Baasner, Frank;Libertinage und Empfindsamkeit;17;<e1>Molière</e1><rel> enge Bezüge zum </rel><e2>libertinistischen Gedankengut</e2> des XVII. Jahrhunderts sind hinlänglich bekannt.;Molière topicInterest Libertinage*;topicInterest;SH;*+ influencedBy;Molière; enge Bezüge zum ;libertinistischen Gedankengut;
Baasner, Frank;Libertinage und Empfindsamkeit;17-18;Mit seinem berühmten Glaubensbekenntnis eines Verführers (I 2) steht der <e1>Molièreche</e1><rel> Dom Juan einerseits in der Tradition des triebhaften  Erotomanen (la constance n'est bonne que pour des ridicules, I 2), andererseits erweitert er seine Motivation um das entscheidende Element des intellektuellen Reizes der</rel> <e2>Verführungsstrategie</e2> (I 2): [...].;Molière topicInterest Erotik;topicInterest;SH;;Molièresche;Dom Juan einerseits in der Tradition des triebhaften  Erotomanen (la constance n'est bonne que pour des ridicules, I 2), andererseits erweitert er seine Motivation um das entscheidende Element des intellektuellen Reizes der;Verführungsstrategie;
Baasner, Frank;Libertinage und Empfindsamkeit;17-18;Mit seinem berühmten Glaubensbekenntnis eines Verführers (I 2) steht der <e1>Molièreche</e1><rel> Dom Juan einerseits in der Tradition des triebhaften  Erotomanen (la constance n'est bonne que pour des ridicules, I 2), andererseits erweitert er seine Motivation um das entscheidende Element des intellektuellen Reizes der</rel> <e2>Verführungsstrategie</e2> (I 2): [...].;Molière topicInterest Verführung*;topicInterest;SH;*neues Thema;Molièresche;Dom Juan einerseits in der Tradition des triebhaften  Erotomanen (la constance n'est bonne que pour des ridicules, I 2), andererseits erweitert er seine Motivation um das entscheidende Element des intellektuellen Reizes der;Verführungsstrategie;
Baasner, Frank;Libertinage und Empfindsamkeit;18;"<e1>Leo Weinstein</e1><rel> der in seinem Aufsatz Die beiden Don-Juan-Typen den triebhaften vom intellektuellen Typ unterscheidet, bezeichnet </rel><e2>Molières</e2> Dom Juan zu Recht als eine Mischform: ,,In diesem Helden halten sich die beiden Elemente einander die Waage, die Befriedigung sinnlichen Verlangens und das Spiel der Verführung.""";Leo Weinstein topicInterest Molière;topicInterest;SH;;Leo Weinstein; der in seinem Aufsatz Die beiden Don-Juan-Typen den triebhaften vom intellektuellen Typ unterscheidet, bezeichnet ;Molières;
Baasner, Frank;Libertinage und Empfindsamkeit;18;"Leo Weinstein, der in seinem Aufsatz <e1>Die beiden Don-Juan-Typen</e1><rel>den triebhaften vom intellektuellen Typ unterscheidet, bezeichnet </rel><e2>Molières</e2> Dom Juan zu Recht als eine Mischform: ,,In diesem Helden halten sich die beiden Elemente einander die Waage, die Befriedigung sinnlichen Verlangens und das Spiel der Verführung.""";Die beiden Don-Juan-Typen about Molière;about;SH;;Die beiden Don-Juan-Typen;den triebhaften vom intellektuellen Typ unterscheidet, bezeichnet ;Molières;
Baasner, Frank;Libertinage und Empfindsamkeit;18;"Leo Weinstein, der in seinem Aufsatz Die beiden Don-Juan-Typen den triebhaften vom intellektuellen Typ unterscheidet, bezeichnet <e1>Molières</e1> <rel>Dom Juan zu Recht als eine Mischform: ,,In diesem Helden halten sich die beiden Elemente einander die Waage, die Befriedigung</rel> <e2>sinnlichen Verlangens und das Spiel der Verführung</e2>.""";Molière topicInterest Erotik*;topicInterest;SH;*Verlangen?;Molières;Dom Juan zu Recht als eine Mischform: ,,In diesem Helden halten sich die beiden Elemente einander die Waage, die Befriedigung;sinnlichen Verlangens und das Spiel der Verführung;
Baasner, Frank;Libertinage und Empfindsamkeit;18;"Leo Weinstein, der in seinem Aufsatz Die beiden Don-Juan-Typen den triebhaften vom intellektuellen Typ unterscheidet, bezeichnet <e1>Molières</e1><rel> Dom Juan zu Recht als eine Mischform: ,,In diesem Helden halten sich die beiden Elemente einander die Waage, die Befriedigung sinnlichen Verlangens und das Spiel der </rel><e2>Verführung</e2>.""";Molière topicInterest Verführung;topicInterest;SH;;Molières; Dom Juan zu Recht als eine Mischform: ,,In diesem Helden halten sich die beiden Elemente einander die Waage, die Befriedigung sinnlichen Verlangens und das Spiel der ;Verführung;
Baasner, Frank;Libertinage und Empfindsamkeit;19;<e2>Pädagogisches Engagement</e2><rel> und der Versuch der Rührung anstelle der rationalen Überzeugung gehören dazu. Interessanterweise zeichnet </rel><e1>Molière</e1> diese Intervention Elvires keineswegs als Karikatur, so wie er die traditionellen theologischen Positionen im Munde Sganarelles diskreditiert.;Molière topicInterest Pädagogik;topicInterest;SH;;Molière;und der Versuch der Rührung anstelle der rationalen Überzeugung gehören dazu. Interessanterweise zeichnet ;Pädagogisches Engagement;
Baasner, Frank;Libertinage und Empfindsamkeit;19;Pädagogisches Engagement und <e2>der Versuch der Rührung</e2> <rel>anstelle der rationalen Überzeugung gehören dazu. Interessanterweise zeichnet</rel> <e1>Molière</e1> diese Intervention Elvires keineswegs als Karikatur, so wie er die traditionellen theologischen Positionen im Munde Sganarelles diskreditiert.;Molière topicInterest Empfindsamkeit*;topicInterest;SH;*Rührung?;Molière;anstelle der rationalen Überzeugung gehören dazu. Interessanterweise zeichnet;der Versuch der Rührung;
Baasner, Frank;Libertinage und Empfindsamkeit;19;[Was Dom Juan ausführlich vor dem ungläubigen Sganarelle als Verhaltensform entwickelt, entspricht genau den Rahmenbedingungen, von denen die <e2>Gesellschaftsanalyse</e2><rel></rel><e1>Crébillon</e1>s im XVIII. Jahrhundert ausgeht.] Im Prinzip ist jedes Mitglied der hohen Gesellschaft ein Heuchler und heimlicher Libertin.;Crébillon topicInterest Gesellschaft;topicInterest;SH;;Crébillon;;Gesellschaftsanalyse;RTS
Baasner, Frank;Libertinage und Empfindsamkeit;19;[Was Dom Juan ausführlich vor dem ungläubigen Sganarelle als Verhaltensform entwickelt, entspricht genau den Rahmenbedingungen, von denen die Gesellschaftsanalyse <e1>Crébillon</e1><rel> im XVIII. Jahrhundert ausgeht.] Im Prinzip ist jedes Mitglied der hohen Gesellschaft ein </rel><e2>Heuchler</e2> und heimlicher Libertin.;Crébillon topicInterest Heuchelei;topicInterest;SH;;Crébillon; im XVIII. Jahrhundert ausgeht.] Im Prinzip ist jedes Mitglied der hohen Gesellschaft ein ;Heuchler;
Baasner, Frank;Libertinage und Empfindsamkeit;19;[Was Dom Juan ausführlich vor dem ungläubigen Sganarelle als Verhaltensform entwickelt, entspricht genau den Rahmenbedingungen, von denen die Gesellschaftsanalyse <e1>Crébillon</e1><rel> im XVIII. Jahrhundert ausgeht.] Im Prinzip ist jedes Mitglied der hohen Gesellschaft ein Heuchler und heimlicher </rel><e2>Libertin</e2>.;Crébillon topicInterest Libertinage;topicInterest;SH;;Crébillon; im XVIII. Jahrhundert ausgeht.] Im Prinzip ist jedes Mitglied der hohen Gesellschaft ein Heuchler und heimlicher ;Libertin;
Baasner, Frank;Libertinage und Empfindsamkeit;19;Nicht erst im XVIII. Jahrhundert also entwickelt sich der <e2>intellektuelle und moralische Libertin</e2><rel>zu einer weit verbreiteten, ja prägenden gesellschaftlichen Figur, schon bei </rel><e1>Molière</e1> ist Dom Juan nicht mehr der als Exemplum verstandene Außenseiter Tirsos;Molière topicInterest Libertinage;topicInterest;SH;;Molière;zu einer weit verbreiteten, ja prägenden gesellschaftlichen Figur, schon bei ;intellektuelle und moralische Libertin;
Baasner, Frank;Libertinage und Empfindsamkeit;19;"Sicher, <e1>Molière</e1> muß aus verschiedenen Gründen seinen Helden am Ende des Stücks als Störenfried der Gesellschaft durch einen - im christlichen Sinne verdienten - Tod als Sünder ausgrenzen; und trotzdem bleibt Dom Juans Analyse der heuchlerischen Gesellschaft gültig.";Molière topicInterest Individualismus;topicInterest;SH;;Molière;;Not Found;ND
Baasner, Frank;Libertinage und Empfindsamkeit;19;"Sicher, <e1>Molière</e1><rel>muß aus verschiedenen Gründen seinen Helden am Ende des Stücks als Störenfried der </rel><e2>Gesellschaft</e2> durch einen - im christlichen Sinne verdienten - Tod als Sünder ausgrenzen; und trotzdem bleibt Dom Juans Analyse der heuchlerischen Gesellschaft gültig.";Molière topicInterest Gesellschaft;topicInterest;SH;;Molière;muß aus verschiedenen Gründen seinen Helden am Ende des Stücks als Störenfried der ;Gesellschaft;
Baasner, Frank;Libertinage und Empfindsamkeit;19;"Sicher, <e1>Molière</e1><rel>muß aus verschiedenen Gründen seinen Helden am Ende des Stücks als Störenfried der Gesellschaft durch einen - im christlichen Sinne verdienten - Tod als Sünder ausgrenzen; und trotzdem bleibt Dom Juans Analyse der </rel><e2>heuchlerischen Gesellschaft</e2> gültig.";Molière topicInterest Heuchelei;topicInterest;SH;;Molière;"muß aus verschiedenen Gründen seinen Helden am Ende des Stücks als Störenfried der Gesellschaft durch einen - im christlichen Sinne verdienten - Tod als Sünder ausgrenzen; und trotzdem bleibt Dom Juans Analyse der ";heuchlerischen Gesellschaft;
Baasner, Frank;Libertinage und Empfindsamkeit;19;"Sicher, <e1>Molière</e1><rel>muß aus verschiedenen Gründen seinen Helden am Ende des Stücks als Störenfried der Gesellschaft durch einen - im christlichen Sinne verdienten - </rel><e2>Tod</e2> als Sünder ausgrenzen; und trotzdem bleibt Dom Juans Analyse der heuchlerischen Gesellschaft gültig.";Molière topicInterest Tod;topicInterest;SH;;Molière;muß aus verschiedenen Gründen seinen Helden am Ende des Stücks als Störenfried der Gesellschaft durch einen - im christlichen Sinne verdienten - ;Tod;
Baasner, Frank;Libertinage und Empfindsamkeit;19;"Sicher, Molière muß aus verschiedenen Gründen seinen Helden am Ende des Stücks als Störenfried der Gesellschaft durch einen - im christlichen Sinne verdienten - Tod als Sünder ausgrenzen; und trotzdem bleibt <e1>Dom Juan</e1>s Analyse der heuchlerischen Gesellschaft gültig.";Dom Juan about Individualismus;about;SH;;Dom Juan;;Not Found;ND
Baasner, Frank;Libertinage und Empfindsamkeit;19;"Sicher, Molière muß aus verschiedenen Gründen seinen Helden am Ende des Stücks als Störenfried der <e2>Gesellschaft</e2><rel>durch einen - im christlichen Sinne verdienten - Tod als Sünder ausgrenzen; und trotzdem bleibt </rel><e1>Dom Juan</e1>s Analyse der heuchlerischen Gesellschaft gültig.";Dom Juan about Gesellschaft;about;SH;;Dom Juan;"durch einen - im christlichen Sinne verdienten - Tod als Sünder ausgrenzen; und trotzdem bleibt ";Gesellschaft;
Baasner, Frank;Libertinage und Empfindsamkeit;19;"Sicher, Molière muß aus verschiedenen Gründen seinen Helden am Ende des Stücks als Störenfried der Gesellschaft durch einen - im christlichen Sinne verdienten - Tod als Sünder ausgrenzen; und trotzdem bleibt <e1>Dom Juan</e1><rel> Analyse der </rel><e2>heuchlerischen Gesellschaft</e2> gültig.";Dom Juan about Heuchelei;about;SH;;Dom Juan; Analyse der ;heuchlerischen Gesellschaft;
Baasner, Frank;Libertinage und Empfindsamkeit;19;"Sicher, Molière muß aus verschiedenen Gründen seinen Helden am Ende des Stücks als Störenfried der Gesellschaft durch einen - im christlichen Sinne verdienten - <e2>Tod</e2><rel>als Sünder ausgrenzen; und trotzdem bleibt </rel><e1>Dom Juan</e1>s Analyse der heuchlerischen Gesellschaft gültig.";Dom Juan about Tod;about;SH;;Dom Juan;"als Sünder ausgrenzen; und trotzdem bleibt ";Tod;
Baasner, Frank;Libertinage und Empfindsamkeit;19;<e2>Fleischeslust</e2><rel>, Freidenkertum, Heuchelei - was</rel> <e1>Molière</e1> hier in seinem Dom Juan teils mit Sympathie, teils mit gesellschaftskritischer Intention zusammenbringt, deutet auf wesentliche Elemente des aufklärerischen Libertins voraus.;Molière topicInterest Sexualität;topicInterest;SH;;Molière;Freidenkertum, Heuchelei - was;Fleischeslust;RSU
Baasner, Frank;Libertinage und Empfindsamkeit;19;Fleischeslust, Freidenkertum, <e2>Heuchelei</e2><rel>- was </rel><e1>Molière</e1> hier in seinem Dom Juan teils mit Sympathie, teils mit gesellschaftskritischer Intention zusammenbringt, deutet auf wesentliche Elemente des aufklärerischen Libertins voraus.;Molière topicInterest Heuchelei;topicInterest;SH;;Molière;- was ;Heuchelei;RTS
Baasner, Frank;Libertinage und Empfindsamkeit;19;Fleischeslust, Freidenkertum, Heuchelei - was <e1>Molière</e1><rel>hier in seinem Dom Juan teils mit Sympathie, teils mit </rel><e2>gesellschaftskritischer Intention</e2> zusammenbringt, deutet auf wesentliche Elemente des aufklärerischen Libertins voraus.;Molière topicInterest Gesellschaftskritik;topicInterest;SH;;Molière;hier in seinem Dom Juan teils mit Sympathie, teils mit ;gesellschaftskritischer Intention;
Baasner, Frank;Libertinage und Empfindsamkeit;19;Fleischeslust, Freidenkertum, Heuchelei - was <e1>Molière</e1><rel>hier in seinem Dom Juan teils mit Sympathie, teils mit </rel><e2>gesellschaftskritischer Intention</e2> zusammenbringt, deutet auf wesentliche Elemente des aufklärerischen Libertins voraus.;Molière topicInterest Gesellschaftskritik;topicInterest;SH;;Molière;hier in seinem Dom Juan teils mit Sympathie, teils mit ;gesellschaftskritischer Intention;
Baasner, Frank;Libertinage und Empfindsamkeit;19;Fleischeslust, Freidenkertum, <e2>Heuchelei</e2><rel>- was Molière hier in seinem </rel><e1>Dom Juan</e1> teils mit Sympathie, teils mit gesellschaftskritischer Intention zusammenbringt, deutet auf wesentliche Elemente des aufklärerischen Libertins voraus.;Dom Juan about Heuchelei;about;SH;;Dom Juan;- was Molière hier in seinem ;Heuchelei;
Baasner, Frank;Libertinage und Empfindsamkeit;19;Fleischeslust, Freidenkertum, Heuchelei - was Molière hier in seinem <e1>Dom Juan</e1><rel>teils mit Sympathie, teils mit </rel><e2>gesellschaftskritischer Intention</e2> zusammenbringt, deutet auf wesentliche Elemente des aufklärerischen Libertins voraus.;Dom Juan about Gesellschaftskritik;about;SH;;Dom Juan;teils mit Sympathie, teils mit ;gesellschaftskritischer Intention;
Baasner, Frank;Libertinage und Empfindsamkeit;21;Schien es <e1>Molière</e1><rel>noch notwendig, seine Analyse, daß nämlich ein  heuchlerischer Dom Juan möglicherweise keinen Skandal mehr erwecken würde, weil er in der Menge</rel> <e2>heuchlerischer Libertins</e2> nicht auffallen würde, durch die Bestrafung des Libertins zurückzunehmen, so nennen die französischen Romanciers der ersten Hälfte des XVIII. Jahrhunderts die Dinge recht unverhohlen beim Namen;Molière topicInterest Heuchelei;topicInterest;SH;;Molière;noch notwendig, seine Analyse, daß nämlich ein  heuchlerischer Dom Juan möglicherweise keinen Skandal mehr erwecken würde, weil er in der Menge;heuchlerischer Libertins;
Baasner, Frank;Libertinage und Empfindsamkeit;21;Schien es <e1>Molière</e1><rel>noch notwendig, seine Analyse, daß nämlich ein heuchlerischer Dom Juan möglicherweise keinen Skandal mehr erwecken würde, weil er in der Menge heuchlerischer </rel><e2>Libertins</e2> nicht auffallen würde, durch die Bestrafung des Libertins zurückzunehmen, so nennen die französischen Romanciers der ersten Hälfte des XVIII. Jahrhunderts die Dinge recht unverhohlen beim Namen;Molière topicInterest Libertinage;topicInterest;SH;;Molière;noch notwendig, seine Analyse, daß nämlich ein heuchlerischer Dom Juan möglicherweise keinen Skandal mehr erwecken würde, weil er in der Menge heuchlerischer ;Libertins;
Baasner, Frank;Libertinage und Empfindsamkeit;21;Schien es Molière noch notwendig, seine Analyse, daß nämlich ein heuchlerischer <e1>Dom Juan</e1> <rel>möglicherweise keinen Skandal mehr erwecken würde, weil er in der Menge</rel> <e2>heuchlerischer Libertins</e2> nicht auffallen würde, durch die Bestrafung des Libertins zurückzunehmen, so nennen die französischen Romanciers der ersten Hälfte des XVIII. Jahrhunderts die Dinge recht unverhohlen beim Namen;Dom Juan about Heuchelei;about;SH;;Dom Juan;möglicherweise keinen Skandal mehr erwecken würde, weil er in der Menge;heuchlerischer Libertins;
Baasner, Frank;Libertinage und Empfindsamkeit;21;Da es nur die ohnehin von allen getragene Maske der Tugend zu durchbrechen gilt, um an die eigentlich eitle und eigennützige Natur des <e2>Menschen</e2><rel>(und a fortiori der Frau) heranzukommen, ist das Spiel der Verführung ein Spiel mit allerseits anerkannten und erlernbaren Regeln - genau dies ist das Spiel, welches der junge Meilcour in den </rel><e1>Egarements du coeur et de I'esprit</e1> (1736) erlernen soll.;Egarements du coeur et de I'esprit about Mensch;about;SH;;Egarements du coeur et de I'esprit;(und a fortiori der Frau) heranzukommen, ist das Spiel der Verführung ein Spiel mit allerseits anerkannten und erlernbaren Regeln - genau dies ist das Spiel, welches der junge Meilcour in den ;Menschen;
Baasner, Frank;Libertinage und Empfindsamkeit;21;Da es nur die ohnehin von allen getragene Maske der Tugend zu durchbrechen gilt, um an die eigentlich eitle und eigennützige Natur des Menschen (und a fortiori der Frau) heranzukommen, ist das Spiel der <e2>Verführung</e2><rel>ein Spiel mit allerseits anerkannten und erlernbaren Regeln - genau dies ist das Spiel, welches der junge Meilcour in den </rel><e1>Egarements du coeur et de I'esprit</e1> (1736) erlernen soll.;Egarements du coeur et de I'esprit about Verführung;about;SH;;Egarements du coeur et de I'esprit;ein Spiel mit allerseits anerkannten und erlernbaren Regeln - genau dies ist das Spiel, welches der junge Meilcour in den ;Verführung;
Baasner, Frank;Libertinage und Empfindsamkeit;21-22;"[Welche Konsequenzen dies für die Verführungsrituale, die ja gerade von der doppelten Moral profitieren, haben kann, läßt sich paradigmatisch an der <e1>Princesse de Clèves</e1><rel>(1678) aufzeigen, die nur unter diesem Gesichtspunkt zur </rel><e2>empfindsamen Literatur</e2> gehört und auf strukturelle Merkmale des Romans im XVIII. Jahrhundert vorausweist.] Als die Prinzessin in dem berühmten ""aveu"" ihrem Gatten (der einzigen Person also, die laut höfischem Verschleierungskodex nichts von der Sache wissen durfte) die Liebe zum Duc de Nemours und dessen Absichten offenlegt, ist der Herzog selber versteckter Zeuge.";Princesse de Clèves about Empfindsamkeit;about;SH;;Princesse de Clèves;(1678) aufzeigen, die nur unter diesem Gesichtspunkt zur ;empfindsamen Literatur;
Baasner, Frank;Libertinage und Empfindsamkeit;21-22;"[Welche Konsequenzen dies für die Verführungsrituale, die ja gerade von der doppelten Moral profitieren, haben kann, läßt sich paradigmatisch an der <e1>Princesse de Clèves</e1><rel>(1678) aufzeigen, die nur unter diesem Gesichtspunkt zur empfindsamen Literatur gehört und auf strukturelle Merkmale des Romans im XVIII. Jahrhundert vorausweist.] Als die Prinzessin in dem berühmten ""aveu"" ihrem Gatten (der einzigen Person also, die laut höfischem Verschleierungskodex nichts von der Sache wissen durfte) die </rel><e2>Liebe</e2> zum Duc de Nemours und dessen Absichten offenlegt, ist der Herzog selber versteckter Zeuge.";Princesse de Clèves about Liebe;about;SH;;Princesse de Clèves;"(1678) aufzeigen, die nur unter diesem Gesichtspunkt zur empfindsamen Literatur gehört und auf strukturelle Merkmale des Romans im XVIII. Jahrhundert vorausweist.] Als die Prinzessin in dem berühmten ""aveu"" ihrem Gatten (der einzigen Person also, die laut höfischem Verschleierungskodex nichts von der Sache wissen durfte) die ";Liebe;
Baasner, Frank;Libertinage und Empfindsamkeit;22;Einer der Gründe, warum Mme <e1>de Cleves</e1><rel> es trotz eingestandener Liebe nicht wagt, den Rest ihres Lebens mit ihm zu teilen, ist die Angst, seine </rel><e2>Liebe</e2> könne schwächer werden oder gar einer anderen Frau gelten - Nemours scheitert an den Resten seines Renommees als leichtlebiger Verführer und Höfling.;Princesse de Clèves about Liebe;about;SH;;de Cleves; es trotz eingestandener Liebe nicht wagt, den Rest ihres Lebens mit ihm zu teilen, ist die Angst, seine ;Liebe;
Baasner, Frank;Libertinage und Empfindsamkeit;22;Einer der Gründe, warum Mme <e1>de Cleves</e1> <rel>es trotz eingestandener Liebe nicht wagt, den Rest ihres Lebens mit ihm zu teilen, ist die Angst, seine Liebe könne schwächer werden oder gar einer anderen Frau gelten - Nemours scheitert an den Resten seines Renommees als leichtlebiger</rel> <e2>Verführer</e2> und Höfling.;Princesse de Clèves about Verführung;about;SH;;de Cleves;es trotz eingestandener Liebe nicht wagt, den Rest ihres Lebens mit ihm zu teilen, ist die Angst, seine Liebe könne schwächer werden oder gar einer anderen Frau gelten - Nemours scheitert an den Resten seines Renommees als leichtlebiger;Verführer;
Baasner, Frank;Libertinage und Empfindsamkeit;22;Einer der Gründe, warum Mme <e1>de Cleves</e1> <rel>es trotz eingestandener Liebe nicht wagt, den Rest ihres Lebens mit ihm zu teilen, ist die Angst, seine Liebe könne schwächer werden oder gar einer anderen Frau gelten - Nemours scheitert an den Resten seines Renommees als leichtlebiger Verführer und</rel> <e2>Höfling</e2>.;Princesse de Clèves about Hof;about;SH;*Höfling;de Cleves;es trotz eingestandener Liebe nicht wagt, den Rest ihres Lebens mit ihm zu teilen, ist die Angst, seine Liebe könne schwächer werden oder gar einer anderen Frau gelten - Nemours scheitert an den Resten seines Renommees als leichtlebiger Verführer und;Höfling;RSU
Baasner, Frank;Libertinage und Empfindsamkeit;22;[Bevor die <e2>Empfindsamkeit</e2><rel>als eigenständiges Denksystem in den Roman Eingang findet, vergehen noch Jahrzehnte.] Erst in den 30 er Jahren in Frankreich mit </rel><e1>Marivaux</e1>' beiden autobiographischen Romanfragmenten La vie de Marianne (1731 ff.) und Le paysan parvenu (1735/6) und in den 40 er Jahren in England mit Richardsons großen Romanwerken finden wir bedeutende Ausprägungen des untersuchten Konflikts.;Pierre de Marivaux topicInterest Empfindsamkeit;topicInterest;SH;;Marivaux;als eigenständiges Denksystem in den Roman Eingang findet, vergehen noch Jahrzehnte.] Erst in den 30 er Jahren in Frankreich mit ;Empfindsamkeit;
Baasner, Frank;Libertinage und Empfindsamkeit;22;[Bevor die Empfindsamkeit als eigenständiges Denksystem in den Roman Eingang findet, vergehen noch Jahrzehnte.] Erst in den 30 er Jahren in Frankreich mit <e1>Marivaux</e1><rel> beiden </rel><e2>autobiographischen Romanfragmenten</e2> La vie de Marianne (1731 ff.) und Le paysan parvenu (1735/6) und in den 40 er Jahren in England mit Richardsons großen Romanwerken finden wir bedeutende Ausprägungen des untersuchten Konflikts.;Pierre de Marivaux topicInterest Autobiographie;topicInterest;SH;;Marivaux; beiden ;autobiographischen Romanfragmenten;RSU
Baasner, Frank;Libertinage und Empfindsamkeit;22;[Bevor die Empfindsamkeit als eigenständiges Denksystem in den Roman Eingang findet, vergehen noch Jahrzehnte.] Erst in den 30 er Jahren in Frankreich mit Marivaux' beiden <e2>autobiographischen Romanfragmenten</e2><rel></rel><e1>La vie de Marianne</e1> (1731 ff.) und Le paysan parvenu (1735/6) und in den 40 er Jahren in England mit Richardsons großen Romanwerken finden wir bedeutende Ausprägungen des untersuchten Konflikts.;La vie de Marianne about Autobiographie;about;SH;;La vie de Marianne;;autobiographischen Romanfragmenten;RTS
Baasner, Frank;Libertinage und Empfindsamkeit;22;[Bevor die <e2>Empfindsamkeit</e2><rel>als eigenständiges Denksystem in den Roman Eingang findet, vergehen noch Jahrzehnte.] Erst in den 30 er Jahren in Frankreich mit Marivaux' beiden autobiographischen Romanfragmenten La vie de Marianne (1731 ff.) und </rel><e1>Le paysan parvenu</e1> (1735/6) und in den 40 er Jahren in England mit Richardsons großen Romanwerken finden wir bedeutende Ausprägungen des untersuchten Konflikts.;Le paysan parvenu about Empfindsamkeit;about;SH;;Le paysan parvenu;als eigenständiges Denksystem in den Roman Eingang findet, vergehen noch Jahrzehnte.] Erst in den 30 er Jahren in Frankreich mit Marivaux' beiden autobiographischen Romanfragmenten La vie de Marianne (1731 ff.) und ;Empfindsamkeit;
Baasner, Frank;Libertinage und Empfindsamkeit;22;[Bevor die Empfindsamkeit als eigenständiges Denksystem in den Roman Eingang findet, vergehen noch Jahrzehnte.] Erst in den 30 er Jahren in Frankreich mit Marivaux' beiden <e2>autobiographischen Romanfragmenten</e2><rel>La vie de Marianne (1731 ff.) und </rel><e1>Le paysan parvenu</e1> (1735/6) und in den 40 er Jahren in England mit Richardsons großen Romanwerken finden wir bedeutende Ausprägungen des untersuchten Konflikts.;Le paysan parvenu about Autobiographie;about;SH;;Le paysan parvenu;La vie de Marianne (1731 ff.) und ;autobiographischen Romanfragmenten;RSU
Baasner, Frank;Libertinage und Empfindsamkeit;22;[Bevor die <e2>Empfindsamkeit</e2><rel>als eigenständiges Denksystem in den Roman Eingang findet, vergehen noch Jahrzehnte.] Erst in den 30 er Jahren in Frankreich mit Marivaux' beiden autobiographischen Romanfragmenten La vie de Marianne (1731 ff.) und </rel><e1>Le paysan parvenu</e1> (1735/6) und in den 40 er Jahren in England mit Richardsons großen Romanwerken finden wir bedeutende Ausprägungen des untersuchten Konflikts.;Le paysan parvenu about Empfindsamkeit;about;SH;;Le paysan parvenu;als eigenständiges Denksystem in den Roman Eingang findet, vergehen noch Jahrzehnte.] Erst in den 30 er Jahren in Frankreich mit Marivaux' beiden autobiographischen Romanfragmenten La vie de Marianne (1731 ff.) und ;Empfindsamkeit;
Baasner, Frank;Libertinage und Empfindsamkeit;22;[Bevor die <e2>Empfindsamkeit</e2><rel>als eigenständiges Denksystem in den Roman Eingang findet, vergehen noch Jahrzehnte.] Erst in den 30 er Jahren in Frankreich mit Marivaux' beiden autobiographischen Romanfragmenten La vie de Marianne (1731 ff.) und Le paysan parvenu (1735/6) und in den 40 er Jahren in England mit </rel><e1>Richardson</e1>s großen Romanwerken finden wir bedeutende Ausprägungen des untersuchten Konflikts.;Samuel Richardson topicInterest Empfindsamkeit;topicInterest;SH;;Richardson;als eigenständiges Denksystem in den Roman Eingang findet, vergehen noch Jahrzehnte.] Erst in den 30 er Jahren in Frankreich mit Marivaux' beiden autobiographischen Romanfragmenten La vie de Marianne (1731 ff.) und Le paysan parvenu (1735/6) und in den 40 er Jahren in England mit ;Empfindsamkeit;
Baasner, Frank;Libertinage und Empfindsamkeit;23;[In <e1>Clarissa or The History of a Young Lady</e1><rel>(1747-48) liegen die Dinge anders, da durch die komplizierte Struktur des Briefromans zahlreiche Personen zur Darstellung und Interpretation des Geschehens beitragen. (...)] Die Verlagerung der Aufmerksamkeit von der als positives </rel><e2>Tugendbeispiel</e2> in Nachfolge Pamelas konzipierten Clarissa Harlowe auf den unmoralischen Verführer Lovelace ist hier von besonderem Interesse, auch wenn Richardsons Intentionen alles andere als auf die Figur des Lovelace gerichtet gewesen sein mögen.;Clarissa or The History of a Young Lady about Tugend;about;SH;;Clarissa or The History of a Young Lady;(1747-48) liegen die Dinge anders, da durch die komplizierte Struktur des Briefromans zahlreiche Personen zur Darstellung und Interpretation des Geschehens beitragen. (...)] Die Verlagerung der Aufmerksamkeit von der als positives ;Tugendbeispiel;
Baasner, Frank;Libertinage und Empfindsamkeit;23;[In <e1>Clarissa or The History of a Young Lady</e1><rel>(1747-48) liegen die Dinge anders, da durch die komplizierte Struktur des Briefromans zahlreiche Personen zur Darstellung und Interpretation des Geschehens beitragen. (...)] Die Verlagerung der Aufmerksamkeit von der als positives Tugendbeispiel in Nachfolge Pamelas konzipierten Clarissa Harlowe auf den </rel><e2>unmoralischen Verführer</e2> Lovelace ist hier von besonderem Interesse, auch wenn Richardsons Intentionen alles andere als auf die Figur des Lovelace gerichtet gewesen sein mögen.;Clarissa or The History of a Young Lady about Moral;about;SH;;Clarissa or The History of a Young Lady;(1747-48) liegen die Dinge anders, da durch die komplizierte Struktur des Briefromans zahlreiche Personen zur Darstellung und Interpretation des Geschehens beitragen. (...)] Die Verlagerung der Aufmerksamkeit von der als positives Tugendbeispiel in Nachfolge Pamelas konzipierten Clarissa Harlowe auf den;unmoralischen Verführer;
Baasner, Frank;Libertinage und Empfindsamkeit;23;[In <e1>Clarissa or The History of a Young Lady</e1><rel>(1747-48) liegen die Dinge anders, da durch die komplizierte Struktur des Briefromans zahlreiche Personen zur Darstellung und Interpretation des Geschehens beitragen. (...)] Die Verlagerung der Aufmerksamkeit von der als positives Tugendbeispiel in Nachfolge Pamelas konzipierten Clarissa Harlowe auf den unmoralischen </rel><e2>Verführer</e2> Lovelace ist hier von besonderem Interesse, auch wenn Richardsons Intentionen alles andere als auf die Figur des Lovelace gerichtet gewesen sein mögen.;Clarissa or The History of a Young Lady about Verführung;about;SH;;Clarissa or The History of a Young Lady;(1747-48) liegen die Dinge anders, da durch die komplizierte Struktur des Briefromans zahlreiche Personen zur Darstellung und Interpretation des Geschehens beitragen. (...)] Die Verlagerung der Aufmerksamkeit von der als positives Tugendbeispiel in Nachfolge Pamelas konzipierten Clarissa Harlowe auf den unmoralischen ;Verführer;
Baasner, Frank;Libertinage und Empfindsamkeit;23;[In Clarissa or The History of a Young Lady (1747-48) liegen die Dinge anders, da durch die komplizierte Struktur des Briefromans zahlreiche Personen zur Darstellung und Interpretation des Geschehens beitragen. (...)] Die Verlagerung der Aufmerksamkeit von der als positives <e2>Tugendbeispiel</e2><rel>in Nachfolge Pamelas konzipierten Clarissa Harlowe auf den unmoralischen Verführer Lovelace ist hier von besonderem Interesse, auch wenn </rel><e1>Richardson</e1>s Intentionen alles andere als auf die Figur des Lovelace gerichtet gewesen sein mögen.;Samuel Richardson topicInterest Tugend;topicInterest;SH;;Richardson;in Nachfolge Pamelas konzipierten Clarissa Harlowe auf den unmoralischen Verführer Lovelace ist hier von besonderem Interesse, auch wenn ;Tugendbeispiel;
Baasner, Frank;Libertinage und Empfindsamkeit;23;[In Clarissa or The History of a Young Lady (1747-48) liegen die Dinge anders, da durch die komplizierte Struktur des Briefromans zahlreiche Personen zur Darstellung und Interpretation des Geschehens beitragen. (...)] Die Verlagerung der Aufmerksamkeit von der als positives Tugendbeispiel in Nachfolge Pamelas konzipierten Clarissa Harlowe auf den un<e2>moralischen Verführer</e2><rel>Lovelace ist hier von besonderem Interesse, auch wenn </rel><e1>Richardson</e1>s Intentionen alles andere als auf die Figur des Lovelace gerichtet gewesen sein mögen.;Samuel Richardson topicInterest Moral;topicInterest;SH;;Richardson;Lovelace ist hier von besonderem Interesse, auch wenn ;moralischen Verführer;
Baasner, Frank;Libertinage und Empfindsamkeit;23;[In Clarissa or The History of a Young Lady (1747-48) liegen die Dinge anders, da durch die komplizierte Struktur des Briefromans zahlreiche Personen zur Darstellung und Interpretation des Geschehens beitragen. (...)] Die Verlagerung der Aufmerksamkeit von der als positives Tugendbeispiel in Nachfolge Pamelas konzipierten Clarissa Harlowe auf den unmoralischen <e2>Verführer</e2><rel>Lovelace ist hier von besonderem Interesse, auch wenn </rel><e1>Richardson</e1>s Intentionen alles andere als auf die Figur des Lovelace gerichtet gewesen sein mögen.;Samuel Richardson topicInterest Verführung;topicInterest;SH;;Richardson;Lovelace ist hier von besonderem Interesse, auch wenn ;Verführer;
Baasner, Frank;Libertinage und Empfindsamkeit;24;Die Geschichte der <e2>Verführung</e2><rel>und Vergewaltigung </rel><e1>Clarissa</e1>s ist die Geschichte vom Scheitern dieses Welterklärungsmodells.;Clarissa or The History of a Young Lady about Verführung;about;SH;;Clarissa;und Vergewaltigung ;Verführung;
Baasner, Frank;Libertinage und Empfindsamkeit;24;Die Geschichte der Verführung und Vergewaltigung <e1>Clarissa</e1>s ist die Geschichte vom Scheitern dieses Welterklärungsmodells.;Clarissa or The History of a Young Lady about sexueller Missbrauch;about;SH;*vorgeschlagen als Erweiterung;Clarissa;;;RTS
Baasner, Frank;Libertinage und Empfindsamkeit;24;<e1>Clarissa</e1><rel>stellt Anforderungen, legt Prüfsteine in den Weg ihrer </rel><e2>Liebe</e2> zu Lovelace, der nachzugeben sie von den seelischen und moralischen Qualitäten des Mannes abhängig macht.;Clarissa or The History of a Young Lady about Liebe;about;SH;;Clarissa;stellt Anforderungen, legt Prüfsteine in den Weg ihrer ;Liebe;
Baasner, Frank;Libertinage und Empfindsamkeit;25;<e1>Richardson</e1><rel>läßt diese Einsicht und die nach Clarissas </rel><e2>Tod</e2> erfolgende Überzeugung von der Gültigkeit ihrer Liebesauffassung und Tugendmaximen für einen versöhnlichen Ausgang des Konflikts zu spät kommen.;Samuel Richardson topicInterest Tod;topicInterest;SH;Randbemerkung: bei Richardson sparsamer mit Annotationen, da MiMoText-Fokus auf frz. Literatur;Richardson;läßt diese Einsicht und die nach Clarissas ;Tod;
Baasner, Frank;Libertinage und Empfindsamkeit;25;<e1>Richardson</e1><rel>läßt diese Einsicht und die nach Clarissas Tod erfolgende Überzeugung von der Gültigkeit ihrer </rel><e2>Liebesauffassung</e2> und Tugendmaximen für einen versöhnlichen Ausgang des Konflikts zu spät kommen.;Samuel Richardson topicInterest Liebe;topicInterest;SH;;Richardson;läßt diese Einsicht und die nach Clarissas Tod erfolgende Überzeugung von der Gültigkeit ihrer ;Liebesauffassung;
Baasner, Frank;Libertinage und Empfindsamkeit;25;<e1>Richardson</e1><rel>läßt diese Einsicht und die nach Clarissas Tod erfolgende Überzeugung von der Gültigkeit ihrer Liebesauffassung und </rel><e2>Tugendmaximen</e2> für einen versöhnlichen Ausgang des Konflikts zu spät kommen.;Samuel Richardson topicInterest Tugend;topicInterest;SH;;Richardson;läßt diese Einsicht und die nach Clarissas Tod erfolgende Überzeugung von der Gültigkeit ihrer Liebesauffassung und ;Tugendmaximen;
Baasner, Frank;Libertinage und Empfindsamkeit;25;[<e1>Clarissa</e1><rel>ist sicherlich keine typische Empfindsame.] Und doch wird in diesem Roman zum ersten Mal in großer Ausführlichkeit ein als Verführung dargestellter Kampf zwischen der </rel><e2>Libertinage</e2> und einer ihr entgegengesetzten Tugendauffassung nachgezeichnet.;Clarissa or The History of a Young Lady about Libertinage;about;SH;;Clarissa;ist sicherlich keine typische Empfindsame.] Und doch wird in diesem Roman zum ersten Mal in großer Ausführlichkeit ein als Verführung dargestellter Kampf zwischen der ;Libertinage;
Baasner, Frank;Libertinage und Empfindsamkeit;25;[<e1>Clarissa</e1><rel>ist sicherlich keine typische Empfindsame.] Und doch wird in diesem Roman zum ersten Mal in großer Ausführlichkeit ein als Verführung dargestellter Kampf zwischen der Libertinage und einer ihr entgegengesetzten </rel><e2>Tugendauffassung</e2> nachgezeichnet.;Clarissa or The History of a Young Lady about Tugend;about;SH;;Clarissa;ist sicherlich keine typische Empfindsame.] Und doch wird in diesem Roman zum ersten Mal in großer Ausführlichkeit ein als Verführung dargestellter Kampf zwischen der Libertinage und einer ihr entgegengesetzten ;Tugendauffassung;
Baasner, Frank;Libertinage und Empfindsamkeit;26;<e1>Sophie von La Roche</e1><rel> Geschichte des Fräuleins von Sternheim (1771) gewinnt seine Dramatik durch die Gegenüberstellung des an sich betrachtet langweiligen, weil vollendet </rel><e2>tugendhaften Fräuleins</e2> mit dem für den Romanverlauf ausschlaggebenden Lord Derby.;Sophie von La Roche topicInterest Tugend;topicInterest;SH;;Sophie von La Roche; Geschichte des Fräuleins von Sternheim (1771) gewinnt seine Dramatik durch die Gegenüberstellung des an sich betrachtet langweiligen, weil vollendet ;tugendhaften Fräuleins;
Baasner, Frank;Libertinage und Empfindsamkeit;26;Sophie von La Roches <e1>Geschichte des Fräuleins von Sternheim</e1><rel>(1771) gewinnt seine Dramatik durch die Gegenüberstellung des an sich betrachtet langweiligen, weil vollendet </rel><e2>tugendhaften Fräuleins</e2> mit dem für den Romanverlauf ausschlaggebenden Lord Derby.;Geschichte des Fräuleins von Sternheim about Tugend;about;SH;;Geschichte des Fräuleins von Sternheim;(1771) gewinnt seine Dramatik durch die Gegenüberstellung des an sich betrachtet langweiligen, weil vollendet ;tugendhaften Fräuleins;
Baasner, Frank;Libertinage und Empfindsamkeit;26;[<e1>Sophie von La Roche</e1><rel> Geschichte des Fräuleins von Sternheim (1771) gewinnt seine Dramatik durch die Gegenüberstellung des an sich betrachtet langweiligen, weil vollendet tugendhaften Fräuleins mit dem für den Romanverlauf ausschlaggebenden Lord Derby.] Dieser formuliert in einem Brief an seinen Freund in Paris das typische Interesse des abgebrühten und der leichten, monotonen Eroberungen müden </rel><e2>Libertins</e2> an einem so seltenen Frauentyp, wie ihn das Fräulein von Sternheim darstellt.;Sophie von La Roche topicInterest Libertinage;topicInterest;SH;;Sophie von La Roche; Geschichte des Fräuleins von Sternheim (1771) gewinnt seine Dramatik durch die Gegenüberstellung des an sich betrachtet langweiligen, weil vollendet tugendhaften Fräuleins mit dem für den Romanverlauf ausschlaggebenden Lord Derby.] Dieser formuliert in einem Brief an seinen Freund in Paris das typische Interesse des abgebrühten und der leichten, monotonen Eroberungen müden ;Libertins;
Baasner, Frank;Libertinage und Empfindsamkeit;26;[Sophie von La Roches <e1>Geschichte des Fräuleins von Sternheim</e1><rel>(1771) gewinnt seine Dramatik durch die Gegenüberstellung des an sich betrachtet langweiligen, weil vollendet tugendhaften Fräuleins mit dem für den Romanverlauf ausschlaggebenden Lord Derby.] Dieser formuliert in einem Brief an seinen Freund in Paris das typische Interesse des abgebrühten und der leichten, monotonen Eroberungen müden </rel><e2>Libertins</e2> an einem so seltenen Frauentyp, wie ihn das Fräulein von Sternheim darstellt.;Geschichte des Fräuleins von Sternheim about Libertinage;about;SH;;Geschichte des Fräuleins von Sternheim;(1771) gewinnt seine Dramatik durch die Gegenüberstellung des an sich betrachtet langweiligen, weil vollendet tugendhaften Fräuleins mit dem für den Romanverlauf ausschlaggebenden Lord Derby.] Dieser formuliert in einem Brief an seinen Freund in Paris das typische Interesse des abgebrühten und der leichten, monotonen Eroberungen müden ;Libertins;
Baasner, Frank;Libertinage und Empfindsamkeit;30;<e1>Dorat</e1><rel> Erzählung Floricourt, histoire française (1762) entwickelt in einem Nacheinander die beiden Schritte, die zur </rel><e2>Verführung</e2> des empfindsamen Opfers und dann zur Niederlage des Verführers hinleiten.;Claude-Joseph Dorat topicInterest Verführung;topicInterest;SH;;Dorat; Erzählung Floricourt, histoire française (1762) entwickelt in einem Nacheinander die beiden Schritte, die zur ;Verführung;
Baasner, Frank;Libertinage und Empfindsamkeit;30;<e1>Dorat</e1><rel> Erzählung Floricourt, histoire française (1762) entwickelt in einem Nacheinander die beiden Schritte, die zur Verführung des </rel><e2>empfindsamen Opfers</e2> und dann zur Niederlage des Verführers hinleiten.;Claude-Joseph Dorat topicInterest Empfindsamkeit;topicInterest;SH;;Dorat; Erzählung Floricourt, histoire française (1762) entwickelt in einem Nacheinander die beiden Schritte, die zur Verführung des ;empfindsamen Opfers;
Baasner, Frank;Libertinage und Empfindsamkeit;30;Dorats Erzählung <e1>Floricourt, histoire française</e1><rel>(1762) entwickelt in einem Nacheinander die beiden Schritte, die zur </rel><e2>Verführung</e2> des empfindsamen Opfers und dann zur Niederlage des Verführers hinleiten.;Floricourt, histoire française about Verführung;about;SH;;Floricourt, histoire française;(1762) entwickelt in einem Nacheinander die beiden Schritte, die zur ;Verführung;
Baasner, Frank;Libertinage und Empfindsamkeit;30;Dorats Erzählung <e1>Floricourt, histoire française</e1><rel>(1762) entwickelt in einem Nacheinander die beiden Schritte, die zur Verführung des </rel><e2>empfindsamen Opfers</e2> und dann zur Niederlage des Verführers hinleiten.;Floricourt, histoire française about Empfindsamkeit;about;SH;;Floricourt, histoire française;(1762) entwickelt in einem Nacheinander die beiden Schritte, die zur Verführung des ;empfindsamen Opfers;
Baasner, Frank;Libertinage und Empfindsamkeit;31;Die berühmteste tragisch endende Konfrontation von <e2>Libertinage</e2><rel>und Empfindsamkeit findet sich in den </rel><e1>Liaisons dangereuses</e1> (1782) von Laclos.;Liaisons dangereuses about Libertinage;about;SH;;Liaisons dangereuses;und Empfindsamkeit findet sich in den ;Libertinage;
Baasner, Frank;Libertinage und Empfindsamkeit;31;Die berühmteste tragisch endende Konfrontation von Libertinage und <e2>Empfindsamkeit</e2><rel>findet sich in den </rel><e1>Liaisons dangereuses</e1> (1782) von Laclos.;Liaisons dangereuses about Empfindsamkeit;about;SH;;Liaisons dangereuses;findet sich in den ;Empfindsamkeit;
Baasner, Frank;Libertinage und Empfindsamkeit;31;Die berühmteste tragisch endende Konfrontation von <e2>Libertinage</e2><rel>und Empfindsamkeit findet sich in den Liaisons dangereuses (1782) von </rel><e1>Laclos</e1>.;Pierre-Ambroise-François Choderlos de Laclos topicInterest Libertinage;topicInterest;SH;;Laclos;und Empfindsamkeit findet sich in den Liaisons dangereuses (1782) von ;Libertinage;
Baasner, Frank;Libertinage und Empfindsamkeit;31;Die berühmteste tragisch endende Konfrontation von Libertinage und <e2>Empfindsamkeit</e2><rel>findet sich in den Liaisons dangereuses (1782) von </rel><e1>Laclos</e1>.;Pierre-Ambroise-François Choderlos de Laclos topicInterest Empfindsamkeit;topicInterest;SH;;Laclos;findet sich in den Liaisons dangereuses (1782) von ;Empfindsamkeit;
Baasner, Frank;Libertinage und Empfindsamkeit;32;Der Ausgang der <e1>Liaisons dangereuses</e1><rel>verdeutlicht die Tragweite der Herausforderung, die eine </rel><e2>empfindsame Weltsicht</e2> für die gesellschaftlich dominante Libertinage bedeutete.;Liaisons dangereuses about Empfindsamkeit;about;SH;;Liaisons dangereuses;verdeutlicht die Tragweite der Herausforderung, die eine ;empfindsame Weltsicht;
Baasner, Frank;Libertinage und Empfindsamkeit;32;Der Ausgang der <e1>Liaisons dangereuses</e1><rel>verdeutlicht die Tragweite der Herausforderung, die eine empfindsame Weltsicht für die gesellschaftlich dominante </rel><e2>Libertinage</e2> bedeutete.;Liaisons dangereuses about Libertinage;about;SH;;Liaisons dangereuses;verdeutlicht die Tragweite der Herausforderung, die eine empfindsame Weltsicht für die gesellschaftlich dominante ;Libertinage;
Baasner, Frank;Libertinage und Empfindsamkeit;32;[Der Ausgang der <e1>Liaisons dangereuses</e1><rel>verdeutlicht die Tragweite der Herausforderung, die eine empfindsame Weltsicht für die gesellschaftlich dominante Libertinage bedeutete.] Nicht nur sind empfindsame </rel><e2>Frauen</e2> eine besonders reizvolle, weil gut verteidigte Festung, an der sich Eroberer versuchen können, sondern ihre Stärke erschöpft sich zur großen Überraschung der Libertins nicht im Bollwerk der körperlichen Verweigerung.;Liaisons dangereuses about Frauen;about;SH;*nicht annotieren?;Liaisons dangereuses;verdeutlicht die Tragweite der Herausforderung, die eine empfindsame Weltsicht für die gesellschaftlich dominante Libertinage bedeutete.] Nicht nur sind empfindsame ;Frauen;
Baasner, Frank;Libertinage und Empfindsamkeit;33;Aber im Gegensatz zur <e2>Heuchelei</e2><rel></rel><e1>Dom Juan</e1>s, der sich lediglich in der Konvention verstecken will, wird von den Verführern ein bestimmtes, auffälliges und von den späteren Opfern selbst vertretenes Wertesystem vorgetäuscht.;Dom Juan about Heuchelei;about;SH;;Dom Juan;;Heuchelei;RTS
Baasner, Frank;Libertinage und Empfindsamkeit;34;[Innerhalb der Romanliteratur, die man dem libertinistischen Lager zurechnen kann, kommt dem <e1>Marquis de Sade</e1><rel>in diesem Punkt eine Sonderstellung zu.] Unter allen (auch unter denen, die in ihren pornographischen Romanen </rel><e2>empfindsamen Jungfern</e2> den Zahn der Tugend meinen ziehen zu müssen) ist er der einzige, der die von ihm als System erkannte und ernstgenommene Empfindsamkeit durch Integration in eine erweiterte libertinistische Doktrin zu entkräften versucht.;Marquis de Sade topicInterest Empfindsamkeit;topicInterest;SH;;Marquis de Sade;in diesem Punkt eine Sonderstellung zu.] Unter allen (auch unter denen, die in ihren pornographischen Romanen ;empfindsamen Jungfern;
Baasner, Frank;Libertinage und Empfindsamkeit;34;[Innerhalb der Romanliteratur, die man dem <e2>libertinistischen Lager</e2><rel>zurechnen kann, kommt dem </rel><e1>Marquis de Sade</e1> in diesem Punkt eine Sonderstellung zu.] Unter allen (auch unter denen, die in ihren pornographischen Romanen empfindsamen Jungfern den Zahn der Tugend meinen ziehen zu müssen) ist er der einzige, der die von ihm als System erkannte und ernstgenommene Empfindsamkeit durch Integration in eine erweiterte libertinistische Doktrin zu entkräften versucht.;Marquis de Sade topicInterest Libertinage;topicInterest;SH;;Marquis de Sade;zurechnen kann, kommt dem ;libertinistischen Lager;
Baasner, Frank;Libertinage und Empfindsamkeit;34;[Innerhalb der Romanliteratur, die man dem libertinistischen Lager zurechnen kann, kommt dem <e1>Marquis de Sade</e1> in diesem Punkt eine Sonderstellung zu. (...)] Zur Illustrierung seiner harten Kritik an den Überzeugungen der Empfindsamen sollen zwei Werke herangezogen werden, die anonym erschienene Philosophie dans le boudoir (1795) und eines der unter seinem Namen veröffentlichten Werke, der sehr lange Briefroman Aline et Valcour (1795).;Marquis de Sade topicInterest Kunstkritik*;topicInterest;SH;"* ""Kritik an den Überzeugungen der Empfindsamen"" = Kunstkritik?";Marquis de Sade;;Not Found;ND
Baasner, Frank;Libertinage und Empfindsamkeit;34;[Innerhalb der Romanliteratur, die man dem libertinistischen Lager zurechnen kann, kommt dem <e1>Marquis de Sade</e1><rel>in diesem Punkt eine Sonderstellung zu. (...)] Zur Illustrierung seiner harten Kritik an den Überzeugungen der </rel><e2>Empfindsamen</e2> sollen zwei Werke herangezogen werden, die anonym erschienene Philosophie dans le boudoir (1795) und eines der unter seinem Namen veröffentlichten Werke, der sehr lange Briefroman Aline et Valcour (1795).;Marquis de Sade topicInterest Empfindsamkeit;topicInterest;SH;;Marquis de Sade;in diesem Punkt eine Sonderstellung zu. (...)] Zur Illustrierung seiner harten Kritik an den Überzeugungen der ;Empfindsamen;
Baasner, Frank;Libertinage und Empfindsamkeit;34;[Innerhalb der Romanliteratur, die man dem libertinistischen Lager zurechnen kann, kommt dem Marquis de Sade in diesem Punkt eine Sonderstellung zu. (...)] Zur Illustrierung seiner harten Kritik an den Überzeugungen der Empfindsamen sollen zwei Werke herangezogen werden, die anonym erschienene <e1>Philosophie dans le boudoir</e1> (1795) und eines der unter seinem Namen veröffentlichten Werke, der sehr lange Briefroman Aline et Valcour (1795).;Philosophie dans le boudoir about Kunstkritik*;about;SH;"* ""Kritik an den Überzeugungen der Empfindsamen"" = Kunstkritik?";Philosophie dans le boudoir;;Not Found;ND
Baasner, Frank;Libertinage und Empfindsamkeit;34;[Innerhalb der Romanliteratur, die man dem libertinistischen Lager zurechnen kann, kommt dem Marquis de Sade in diesem Punkt eine Sonderstellung zu. (...)] Zur Illustrierung seiner harten Kritik an den Überzeugungen der <e2>Empfindsamen</e2><rel>sollen zwei Werke herangezogen werden, die anonym erschienene </rel><e1>Philosophie dans le boudoir</e1> (1795) und eines der unter seinem Namen veröffentlichten Werke, der sehr lange Briefroman Aline et Valcour (1795).;Philosophie dans le boudoir about Empfindsamkeit;about;SH;;Philosophie dans le boudoir;sollen zwei Werke herangezogen werden, die anonym erschienene ;Empfindsamen;
Baasner, Frank;Libertinage und Empfindsamkeit;34;[Innerhalb der Romanliteratur, die man dem libertinistischen Lager zurechnen kann, kommt dem Marquis de Sade in diesem Punkt eine Sonderstellung zu. (...)] Zur Illustrierung seiner harten Kritik an den Überzeugungen der Empfindsamen sollen zwei Werke herangezogen werden, die anonym erschienene Philosophie dans le boudoir (1795) und eines der unter seinem Namen veröffentlichten Werke, der sehr lange Briefroman <e1>Aline et Valcour</e1> (1795).;Aline et Valcour about Kunstkritik*;about;SH;"* ""Kritik an den Überzeugungen der Empfindsamen"" = Kunstkritik?";Aline et Valcour;;Not Found;ND
Baasner, Frank;Libertinage und Empfindsamkeit;34;[Innerhalb der Romanliteratur, die man dem libertinistischen Lager zurechnen kann, kommt dem Marquis de Sade in diesem Punkt eine Sonderstellung zu. (...)] Zur Illustrierung seiner harten Kritik an den Überzeugungen der <e2>Empfindsamen</e2><rel>sollen zwei Werke herangezogen werden, die anonym erschienene Philosophie dans le boudoir (1795) und eines der unter seinem Namen veröffentlichten Werke, der sehr lange Briefroman </rel><e1>Aline et Valcour</e1> (1795).;Aline et Valcour about Empfindsamkeit;about;SH;;Aline et Valcour;sollen zwei Werke herangezogen werden, die anonym erschienene Philosophie dans le boudoir (1795) und eines der unter seinem Namen veröffentlichten Werke, der sehr lange Briefroman ;Empfindsamen;
Baasner, Frank;Libertinage und Empfindsamkeit;35;Aline et Valcou hat mit den zahllosen Briefromanen des XVIII. Jahrhunderts einiges gemeinsam, und man ist nicht erstaunt, hinter den Namen Aline und <e1>Valcour</e1> ein unglückliches, empfindsames Liebespaar zu entdecken.;Aline et Valcour about Unglück;about;SH;;Valcour;;;RTS
Baasner, Frank;Libertinage und Empfindsamkeit;35;Aline et Valcou hat mit den zahllosen Briefromanen des XVIII. Jahrhunderts einiges gemeinsam, und man ist nicht erstaunt, hinter den Namen Aline und <e1>Valcour</e1><rel>ein unglückliches, </rel><e2>empfindsames Liebespaar</e2> zu entdecken.;Aline et Valcour about Empfindsamkeit;about;SH;;Valcour;ein unglückliches, ;empfindsames Liebespaar;
Baasner, Frank;Libertinage und Empfindsamkeit;35;Aline et Valcou hat mit den zahllosen Briefromanen des XVIII. Jahrhunderts einiges gemeinsam, und man ist nicht erstaunt, hinter den Namen Aline und <e1>Valcour</e1><rel>ein unglückliches, empfindsames </rel><e2>Liebespaar</e2> zu entdecken.;Aline et Valcour about Liebe;about;SH;;Valcour;ein unglückliches, empfindsames ;Liebespaar;
Baasner, Frank;Libertinage und Empfindsamkeit;35;Aline et Valcou hat mit den zahllosen Briefromanen des XVIII. Jahrhunderts einiges gemeinsam, und man ist nicht erstaunt, hinter den Namen Aline und <e1>Valcour</e1><rel>ein unglückliches, empfindsames </rel><e2>Liebespaar</e2> zu entdecken.;Aline et Valcour about Liebesbeziehung;about;SH;;Valcour;ein unglückliches, empfindsames ;Liebespaar;
Baasner, Frank;Libertinage und Empfindsamkeit;35;[Aline et Valcou hat mit den zahllosen Briefromanen des XVIII. Jahrhunderts einiges gemeinsam, und man ist nicht erstaunt, hinter den Namen Aline und <e1>Valcour</e1><rel>ein unglückliches, empfindsames Liebespaar zu entdecken.] Ihre </rel><e2>tragisch endende Geschichte</e2> füllt die eine Hälfte des Romans, die andere (die beiden mittleren Bände) besteht aus der eingeschobenen Geschichte Léonores und Sainvilles, die voneinander getrennt die Welt durchreist haben.;Aline et Valcour about Tragödie;about;SH;;Valcour;ein unglückliches, empfindsames Liebespaar zu entdecken.] Ihre ;tragisch endende Geschichte;
Baasner, Frank;Libertinage und Empfindsamkeit;35;[Aline et Valcou hat mit den zahllosen Briefromanen des XVIII. Jahrhunderts einiges gemeinsam, und man ist nicht erstaunt, hinter den Namen Aline und <e1>Valcour</e1><rel>ein unglückliches, empfindsames Liebespaar zu entdecken.] Ihre tragisch endende Geschichte füllt die eine Hälfte des Romans, die andere (die beiden mittleren Bände) besteht aus der eingeschobenen Geschichte Léonores und Sainvilles, die voneinander getrennt die </rel><e2>Welt durchreist</e2> haben.;Aline et Valcour about Reise;about;SH;;Valcour;ein unglückliches, empfindsames Liebespaar zu entdecken.] Ihre tragisch endende Geschichte füllt die eine Hälfte des Romans, die andere (die beiden mittleren Bände) besteht aus der eingeschobenen Geschichte Léonores und Sainvilles, die voneinander getrennt die ;Welt durchreist;
Baasner, Frank;Libertinage und Empfindsamkeit;35;Was die Geschichte von Aline und <e1>Valcour</e1><rel>illustriert, nämlich daß wahre </rel><e2>Liebe</e2> und Tugend keinen Bestand vor der Boshaftigkeit des Lasters haben, wird durch die Erlebnisse Léonores und Sainvilles in den Ländern ferner Erdteile philosophisch-anthropologisch untermauert.;Aline et Valcour about Liebe;about;SH;;Valcour;illustriert, nämlich daß wahre ;Liebe;
Baasner, Frank;Libertinage und Empfindsamkeit;35;Was die Geschichte von Aline und <e1>Valcour</e1><rel>illustriert, nämlich daß wahre Liebe und </rel><e2>Tugend</e2> keinen Bestand vor der Boshaftigkeit des Lasters haben, wird durch die Erlebnisse Léonores und Sainvilles in den Ländern ferner Erdteile philosophisch-anthropologisch untermauert.;Aline et Valcour about Tugend;about;SH;;Valcour;illustriert, nämlich daß wahre Liebe und ;Tugend;
Baasner, Frank;Libertinage und Empfindsamkeit;35;Anders als in seinen anonym erschienenen Werken räumt <e1>Sade</e1> <rel>der Schilderung des</rel> <e2>sensiblen Glaubens und Handelns</e2> hier sehr viel Raum ein.;Marquis de Sade topicInterest Empfindsamkeit*;topicInterest;SH;*Sensibilität;Sade;der Schilderung des;sensiblen Glaubens und Handelns;
Baasner, Frank;Libertinage und Empfindsamkeit;35;Anders als die optimistischen Aufklärer glaubt <e1>Sade</e1><rel>nicht daran, durch Appelle an die wahre Natur eine Besserung der ,</rel><e2>Böse</e2>n' herbeiführen zu können.;Marquis de Sade topicInterest das Böse;topicInterest;SH;;Sade;nicht daran, durch Appelle an die wahre Natur eine Besserung der ,;Böse;
Baasner, Frank;Libertinage und Empfindsamkeit;36;Durch die Hereinnahme der altruistischen <e2>Empfindsamkeit</e2><rel>in eine auf Egoismus basierende Weltsicht gelingt es </rel><e1>Sade</e1>, die Herausforderung, die ein tugendhafter Mensch bedeutet, zu entschärfen.;Marquis de Sade topicInterest Empfindsamkeit;topicInterest;SH;;Sade;in eine auf Egoismus basierende Weltsicht gelingt es ;Empfindsamkeit;
Baasner, Frank;Libertinage und Empfindsamkeit;36;Durch die Hereinnahme der altruistischen Empfindsamkeit in eine auf <e2>Egoismus</e2><rel>basierende Weltsicht gelingt es </rel><e1>Sade</e1>, die Herausforderung, die ein tugendhafter Mensch bedeutet, zu entschärfen.;Marquis de Sade topicInterest Egoismus;topicInterest;SH;;Sade;basierende Weltsicht gelingt es ;Egoismus;
Baasner, Frank;Libertinage und Empfindsamkeit;36;Durch die Hereinnahme der altruistischen Empfindsamkeit in eine auf Egoismus basierende Weltsicht gelingt es <e1>Sade</e1><rel> die Herausforderung, die ein </rel><e2>tugendhafter Mensch</e2> bedeutet, zu entschärfen.;Marquis de Sade topicInterest Tugend;topicInterest;SH;;Sade; die Herausforderung, die ein ;tugendhafter Mensch;
Baasner, Frank;Libertinage und Empfindsamkeit;36;Stirbt in <e1>Aline et Valcour</e1><rel>die Empfindsamkeit mit denjenigen Personen, die sie verkörpern, so greift Sade in der Philosophie dans le boudoir die</rel> <e2>empfindsamaufklärerischen Werte</e2> auf einer abstrakten Ebene an.;Aline et Valcour about Empfindsamkeit;about;SH;;Aline et Valcour;die Empfindsamkeit mit denjenigen Personen, die sie verkörpern, so greift Sade in der Philosophie dans le boudoir die;empfindsamaufklärerischen Werte;
Baasner, Frank;Libertinage und Empfindsamkeit;36;Stirbt in Aline et Valcour die <e2>Empfindsamkeit</e2><rel>mit denjenigen Personen, die sie verkörpern, so greift Sade in der </rel><e1>Philosophie dans le boudoir</e1> die empfindsamaufklärerischen Werte auf einer abstrakten Ebene an.;Philosophie dans le boudoir about Empfindsamkeit;about;SH;;Philosophie dans le boudoir;mit denjenigen Personen, die sie verkörpern, so greift Sade in der ;Empfindsamkeit;
Baasner, Frank;Libertinage und Empfindsamkeit;36;Stirbt in Aline et Valcour die <e2>Empfindsamkeit</e2><rel>mit denjenigen Personen, die sie verkörpern, so greift </rel><e1>Sade</e1> in der Philosophie dans le boudoir die empfindsamaufklärerischen Werte auf einer abstrakten Ebene an.;Marquis de Sade topicInterest Empfindsamkeit;topicInterest;SH;;Sade;mit denjenigen Personen, die sie verkörpern, so greift ;Empfindsamkeit;
Baasner, Frank;Libertinage und Empfindsamkeit;36;Stirbt in Aline et Valcour die Empfindsamkeit mit denjenigen Personen, die sie verkörpern, so greift <e1>Sade</e1><rel>in der Philosophie dans le boudoir die empfindsam</rel><e2>aufklärerischen Werte</e2> auf einer abstrakten Ebene an.;Marquis de Sade topicInterest Aufklärung;topicInterest;SH;;Sade;in der Philosophie dans le boudoir die empfindsam;aufklärerischen Werte;
Baasner, Frank;Libertinage und Empfindsamkeit;36;Stirbt in Aline et Valcour die <e2>Empfindsamkeit</e2><rel>mit denjenigen Personen, die sie verkörpern, so greift </rel><e1>Sade</e1> in der Philosophie dans le boudoir die empfindsamaufklärerischen Werte auf einer abstrakten Ebene an.;Marquis de Sade topicInterest Empfindsamkeit;topicInterest;SH;;Sade;mit denjenigen Personen, die sie verkörpern, so greift ;Empfindsamkeit;
Baasner, Frank;Libertinage und Empfindsamkeit;36;[Stirbt in Aline et Valcour die Empfindsamkeit mit denjenigen Personen, die sie verkörpern, so greift Sade in der <e1>Philosophie dans le boudoir</e1><rel>die empfindsamaufklärerischen Werte auf einer abstrakten Ebene an.] Thema des in Dialogform verfaßten Buches ist die Initiierung der 15 jährigen Eugenie de Mistival in die Geheimnisse </rel><e2>libertinistischer Sexualpraktiken</e2>, die erklärt und zur besseren Illustrierung auch gleich ausgeführt werden.;Philosophie dans le boudoir about Libertinage;about;SH;;Philosophie dans le boudoir;die empfindsamaufklärerischen Werte auf einer abstrakten Ebene an.] Thema des in Dialogform verfaßten Buches ist die Initiierung der 15 jährigen Eugenie de Mistival in die Geheimnisse ;libertinistischer Sexualpraktiken;
Baasner, Frank;Libertinage und Empfindsamkeit;36;[Stirbt in Aline et Valcour die Empfindsamkeit mit denjenigen Personen, die sie verkörpern, so greift Sade in der <e1>Philosophie dans le boudoir</e1><rel>die empfindsamaufklärerischen Werte auf einer abstrakten Ebene an.] Thema des in Dialogform verfaßten Buches ist die Initiierung der 15 jährigen Eugenie de Mistival in die Geheimnisse libertinistischer </rel><e2>Sexualpraktiken</e2>, die erklärt und zur besseren Illustrierung auch gleich ausgeführt werden.;Philosophie dans le boudoir about Sexualität;about;SH;;Philosophie dans le boudoir;die empfindsamaufklärerischen Werte auf einer abstrakten Ebene an.] Thema des in Dialogform verfaßten Buches ist die Initiierung der 15 jährigen Eugenie de Mistival in die Geheimnisse libertinistischer ;Sexualpraktiken;
Baasner, Frank;Libertinage und Empfindsamkeit;36;[Stirbt in Aline et Valcour die Empfindsamkeit mit denjenigen Personen, die sie verkörpern, so greift <e1>Sade</e1><rel>in der Philosophie dans le boudoir die empfindsamaufklärerischen Werte auf einer abstrakten Ebene an.] Thema des in Dialogform verfaßten Buches ist die Initiierung der 15 jährigen Eugenie de Mistival in die Geheimnisse </rel><e2>libertinistischer Sexualpraktiken</e2>, die erklärt und zur besseren Illustrierung auch gleich ausgeführt werden.;Marquis de Sade topicInterest Libertinage;topicInterest;SH;;Sade;in der Philosophie dans le boudoir die empfindsamaufklärerischen Werte auf einer abstrakten Ebene an.] Thema des in Dialogform verfaßten Buches ist die Initiierung der 15 jährigen Eugenie de Mistival in die Geheimnisse ;libertinistischer Sexualpraktiken;
Baasner, Frank;Libertinage und Empfindsamkeit;36;[Stirbt in Aline et Valcour die Empfindsamkeit mit denjenigen Personen, die sie verkörpern, so greift <e1>Sade</e1><rel>in der Philosophie dans le boudoir die empfindsamaufklärerischen Werte auf einer abstrakten Ebene an.] Thema des in Dialogform verfaßten Buches ist die Initiierung der 15 jährigen Eugenie de Mistival in die Geheimnisse libertinistischer </rel><e2>Sexualpraktiken</e2>, die erklärt und zur besseren Illustrierung auch gleich ausgeführt werden.;Marquis de Sade topicInterest Sexualität;topicInterest;SH;;Sade;in der Philosophie dans le boudoir die empfindsamaufklärerischen Werte auf einer abstrakten Ebene an.] Thema des in Dialogform verfaßten Buches ist die Initiierung der 15 jährigen Eugenie de Mistival in die Geheimnisse libertinistischer ;Sexualpraktiken;
Baasner, Frank;Libertinage und Empfindsamkeit;36;Dolmancé formuliert alle Angriffe auf <e2>Gott</e2><rel> die Moral und soziale Verhaltensweisen der Menschen, die für das </rel><e1>Sadesche Denken</e1>  typisch sind.;Marquis de Sade topicInterest Gott;topicInterest;SH;;Sadesche Denken; die Moral und soziale Verhaltensweisen der Menschen, die für das ;Gott;ZZZ
Baasner, Frank;Libertinage und Empfindsamkeit;36;Dolmancé formuliert alle Angriffe auf <e2>Gott</e2><rel> die Moral und soziale Verhaltensweisen der Menschen, die für das </rel><e1>Sadesche Denken</e1>  typisch sind.;Marquis de Sade topicInterest Religion;topicInterest;SH;;Sadesche Denken; die Moral und soziale Verhaltensweisen der Menschen, die für das ;Gott;ZZZ
Baasner, Frank;Libertinage und Empfindsamkeit;36;Dolmancé formuliert alle Angriffe auf Gott, die Moral und soziale <e2>Verhaltensweisen der Menschen</e2><rel> die für das </rel><e1>Sadesche Denken</e1> typisch sind.;Marquis de Sade topicInterest Gesellschaftskritik;topicInterest;SH;;Sadesche Denken; die für das ;Verhaltensweisen der Menschen;ZZZ
Baasner, Frank;Libertinage und Empfindsamkeit;36;Dolmancé formuliert alle Angriffe auf Gott, die <e2>Moral</e2><rel>und soziale Verhaltensweisen der Menschen, die für das </rel><e1>Sadesche Denken</e1> typisch sind.;Marquis de Sade topicInterest Moral;topicInterest;SH;;Sadesche Denken;und soziale Verhaltensweisen der Menschen, die für das ;Moral;ZZZ
Baasner, Frank;Libertinage und Empfindsamkeit;36;Dolmancé formuliert alle Angriffe auf Gott, die Moral und soziale <e2>Verhaltensweisen der Menschen</e2><rel> die für das </rel><e1>Sadesche Denken</e1> typisch sind.;Marquis de Sade topicInterest Mensch;topicInterest;SH;;Sadesche Denken; die für das ;Verhaltensweisen der Menschen;ZZZ
Baasner, Frank;Libertinage und Empfindsamkeit;37;Dolmancé formuliert alle Angriffe auf Gott, die Moral und soziale Verhaltensweisen der Menschen, die für das <e1>Sadesche Denken</e1> typisch sind.;Marquis de Sade topicInterest Kunstkritik*;topicInterest;SH;"* ""Kritik an der Wirklichkeitsferne empfindsamen Lebens"" = Kunstkritik?";Sade;;Not Found;ND
Baasner, Frank;Libertinage und Empfindsamkeit;37;[<e1>Sade</e1><rel>formuliert sie nur um vieles direkter und radikaler als seine Zeitgenossen.] Was ihn von anderen Kritikern der </rel><e2>Empfindsamkeit</e2> unterscheidet, ist sein konsequenter Angriff auf den Naturbegriff, den er von jeder moralischen Konnotation befreit;Marquis de Sade topicInterest Empfindsamkeit;topicInterest;SH;;Sade;formuliert sie nur um vieles direkter und radikaler als seine Zeitgenossen.] Was ihn von anderen Kritikern der ;Empfindsamkeit;
Baasner, Frank;Libertinage und Empfindsamkeit;37;[<e1>Sade</e1><rel>formuliert sie nur um vieles direkter und radikaler als seine Zeitgenossen.] Was ihn von anderen Kritikern der Empfindsamkeit unterscheidet, ist sein konsequenter Angriff auf den </rel><e2>Naturbegriff</e2>, den er von jeder moralischen Konnotation befreit;Marquis de Sade topicInterest Natur;topicInterest;SH;;Sade;formuliert sie nur um vieles direkter und radikaler als seine Zeitgenossen.] Was ihn von anderen Kritikern der Empfindsamkeit unterscheidet, ist sein konsequenter Angriff auf den ;Naturbegriff;
Baasner, Frank;Libertinage und Empfindsamkeit;38;[<e2>Empfindsamkeit</e2> <rel>und Libertinage existieren als voneinander getrennte, in sich verhältnismäßig geschlossene Denksysteme nebeneinander. Eine Periodisierung ist wegen der sehr unterschiedlichen nationalen Entwicklungen äußerst schwierig.] Für die Pariser Gesellschaft, die man ·wohl in diesem Fall ohne weiteres als repräsentativ bezeichnen kann, diagnostiziert</rel> <e1>Prevost</e1> in seinem für sozialgeschichtliche Studien sehr wertvollen Roman Le monde moral (1760) ein Nebeneinander der verschiedenen Wertesysteme.;Antoine-François Prévost topicInterest Empfindsamkeit;topicInterest;SH;;Prevost;und Libertinage existieren als voneinander getrennte, in sich verhältnismäßig geschlossene Denksysteme nebeneinander. Eine Periodisierung ist wegen der sehr unterschiedlichen nationalen Entwicklungen äußerst schwierig.] Für die Pariser Gesellschaft, die man ·wohl in diesem Fall ohne weiteres als repräsentativ bezeichnen kann, diagnostiziert;Empfindsamkeit;
Baasner, Frank;Libertinage und Empfindsamkeit;38;[Empfindsamkeit und <e2>Libertinage</e2> <rel>existieren als voneinander getrennte, in sich verhältnismäßig geschlossene Denksysteme nebeneinander. Eine Periodisierung ist wegen der sehr unterschiedlichen nationalen Entwicklungen äußerst schwierig.] Für die Pariser Gesellschaft, die man ·wohl in diesem Fall ohne weiteres als repräsentativ bezeichnen kann, diagnostiziert</rel> <e1>Prevost</e1> in seinem für sozialgeschichtliche Studien sehr wertvollen Roman Le monde moral (1760) ein Nebeneinander der verschiedenen Wertesysteme.;Antoine-François Prévost topicInterest Libertinage;topicInterest;SH;;Prevost;existieren als voneinander getrennte, in sich verhältnismäßig geschlossene Denksysteme nebeneinander. Eine Periodisierung ist wegen der sehr unterschiedlichen nationalen Entwicklungen äußerst schwierig.] Für die Pariser Gesellschaft, die man ·wohl in diesem Fall ohne weiteres als repräsentativ bezeichnen kann, diagnostiziert;Libertinage;
Baasner, Frank;Libertinage und Empfindsamkeit;38;[Empfindsamkeit und Libertinage existieren als voneinander getrennte, in sich verhältnismäßig geschlossene Denksysteme nebeneinander. Eine Periodisierung ist wegen der sehr unterschiedlichen nationalen Entwicklungen äußerst schwierig.] Für die <e2>Pariser Gesellschaft</e2><rel>, die man ·wohl in diesem Fall ohne weiteres als repräsentativ bezeichnen kann, diagnostiziert </rel><e1>Prevost</e1> in seinem für sozialgeschichtliche Studien sehr wertvollen Roman Le monde moral (1760) ein Nebeneinander der verschiedenen Wertesysteme.;Antoine-François Prévost topicInterest Paris*;topicInterest;SH;*Raumvokabular;Prevost;, die man ·wohl in diesem Fall ohne weiteres als repräsentativ bezeichnen kann, diagnostiziert ;Pariser Gesellschaft;
Baasner, Frank;Libertinage und Empfindsamkeit;38;[Empfindsamkeit und Libertinage existieren als voneinander getrennte, in sich verhältnismäßig geschlossene Denksysteme nebeneinander. Eine Periodisierung ist wegen der sehr unterschiedlichen nationalen Entwicklungen äußerst schwierig.] Für die Pariser <e2>Gesellschaft</e2><rel>, die man ·wohl in diesem Fall ohne weiteres als repräsentativ bezeichnen kann, diagnostiziert</rel> <e1>Prevost</e1> in seinem für sozialgeschichtliche Studien sehr wertvollen Roman Le monde moral (1760) ein Nebeneinander der verschiedenen Wertesysteme.;Antoine-François Prévost topicInterest Gesellschaft;topicInterest;SH;;Prevost;, die man ·wohl in diesem Fall ohne weiteres als repräsentativ bezeichnen kann, diagnostiziert;Gesellschaft;
Baasner, Frank;Libertinage und Empfindsamkeit;38;[<e2>Empfindsamkeit</e2><rel>und Libertinage existieren als voneinander getrennte, in sich verhältnismäßig geschlossene Denksysteme nebeneinander. Eine Periodisierung ist wegen der sehr unterschiedlichen nationalen Entwicklungen äußerst schwierig.] Für die Pariser Gesellschaft, die man ·wohl in diesem Fall ohne weiteres als repräsentativ bezeichnen kann, diagnostiziert Prevost in seinem für sozialgeschichtliche Studien sehr wertvollen Roman </rel><e1>Le monde moral</e1> (1760) ein Nebeneinander der verschiedenen Wertesysteme.;Le monde moral about Empfindsamkeit;about;SH;;Le monde moral;und Libertinage existieren als voneinander getrennte, in sich verhältnismäßig geschlossene Denksysteme nebeneinander. Eine Periodisierung ist wegen der sehr unterschiedlichen nationalen Entwicklungen äußerst schwierig.] Für die Pariser Gesellschaft, die man ·wohl in diesem Fall ohne weiteres als repräsentativ bezeichnen kann, diagnostiziert Prevost in seinem für sozialgeschichtliche Studien sehr wertvollen Roman ;Empfindsamkeit;
Baasner, Frank;Libertinage und Empfindsamkeit;38;[Empfindsamkeit und <e2>Libertinage</e2><rel>existieren als voneinander getrennte, in sich verhältnismäßig geschlossene Denksysteme nebeneinander. Eine Periodisierung ist wegen der sehr unterschiedlichen nationalen Entwicklungen äußerst schwierig.] Für die Pariser Gesellschaft, die man ·wohl in diesem Fall ohne weiteres als repräsentativ bezeichnen kann, diagnostiziert Prevost in seinem für sozialgeschichtliche Studien sehr wertvollen Roman </rel><e1>Le monde moral</e1> (1760) ein Nebeneinander der verschiedenen Wertesysteme.;Le monde moral about Libertinage;about;SH;;Le monde moral;existieren als voneinander getrennte, in sich verhältnismäßig geschlossene Denksysteme nebeneinander. Eine Periodisierung ist wegen der sehr unterschiedlichen nationalen Entwicklungen äußerst schwierig.] Für die Pariser Gesellschaft, die man ·wohl in diesem Fall ohne weiteres als repräsentativ bezeichnen kann, diagnostiziert Prevost in seinem für sozialgeschichtliche Studien sehr wertvollen Roman ;Libertinage;
Baasner, Frank;Libertinage und Empfindsamkeit;38;[Empfindsamkeit und Libertinage existieren als voneinander getrennte, in sich verhältnismäßig geschlossene Denksysteme nebeneinander. Eine Periodisierung ist wegen der sehr unterschiedlichen nationalen Entwicklungen äußerst schwierig.] Für die <e2>Pariser Gesellschaft</e2><rel>, die man ·wohl in diesem Fall ohne weiteres als repräsentativ bezeichnen kann, diagnostiziert Prevost in seinem für sozialgeschichtliche Studien sehr wertvollen Roman </rel><e1>Le monde moral</e1> (1760) ein Nebeneinander der verschiedenen Wertesysteme.;Le monde moral about Paris*;about;SH;*Raumvokabular;Le monde moral;, die man ·wohl in diesem Fall ohne weiteres als repräsentativ bezeichnen kann, diagnostiziert Prevost in seinem für sozialgeschichtliche Studien sehr wertvollen Roman ;Pariser Gesellschaft;
Baasner, Frank;Libertinage und Empfindsamkeit;38;[Empfindsamkeit und Libertinage existieren als voneinander getrennte, in sich verhältnismäßig geschlossene Denksysteme nebeneinander. Eine Periodisierung ist wegen der sehr unterschiedlichen nationalen Entwicklungen äußerst schwierig.] Für die Pariser <e2>Gesellschaft</e2><rel> die man ·wohl in diesem Fall ohne weiteres als repräsentativ bezeichnen kann, diagnostiziert Prevost in seinem für sozialgeschichtliche Studien sehr wertvollen Roman </rel><e1>Le monde moral</e1> (1760) ein Nebeneinander der verschiedenen Wertesysteme.;Le monde moral about Gesellschaft;about;SH;;Le monde moral; die man ·wohl in diesem Fall ohne weiteres als repräsentativ bezeichnen kann, diagnostiziert Prevost in seinem für sozialgeschichtliche Studien sehr wertvollen Roman ;Gesellschaft;
Baasner, Frank;Libertinage und Empfindsamkeit;38;[Empfindsamkeit und Libertinage existieren als voneinander getrennte, in sich verhältnismäßig geschlossene Denksysteme nebeneinander. Eine Periodisierung ist wegen der sehr unterschiedlichen nationalen Entwicklungen äußerst schwierig.] Für die Pariser Gesellschaft, die man ·wohl in diesem Fall ohne weiteres als repräsentativ bezeichnen kann, diagnostiziert <e1>Prevost</e1> <rel>in seinem für sozialgeschichtliche Studien sehr wertvollen Roman Le monde moral (1760) ein Nebeneinander der</rel> <e2>verschiedenen Wertesysteme</e2>.;Antoine-François Prévost topicInterest Wertvorstellung;about;SH;;Prevost;in seinem für sozialgeschichtliche Studien sehr wertvollen Roman Le monde moral (1760) ein Nebeneinander der;verschiedenen Wertesysteme;
Baasner, Frank;Libertinage und Empfindsamkeit;38;[Empfindsamkeit und Libertinage existieren als voneinander getrennte, in sich verhältnismäßig geschlossene Denksysteme nebeneinander. Eine Periodisierung ist wegen der sehr unterschiedlichen nationalen Entwicklungen äußerst schwierig.] Für die Pariser Gesellschaft, die man ·wohl in diesem Fall ohne weiteres als repräsentativ bezeichnen kann, diagnostiziert Prevost in seinem für sozialgeschichtliche Studien sehr wertvollen Roman <e1>Le monde moral</e1> <rel>(1760) ein Nebeneinander der </rel><e2>verschiedenen Wertesysteme</e2>.;Le monde moral about Wertvorstellung;about;SH;;Le monde moral;(1760) ein Nebeneinander der ;verschiedenen Wertesysteme;RSU
Baasner, Frank;Libertinage und Empfindsamkeit;39;[Selbst ein <e2>Verführter</e2><rel> schlüpft Lovell auch in die oben skizzierte Rolle des heuchlerisch-empfindsamen Verführers, der die empfindsame Emilie Burton, die Schwester seines einstigen Seelenfreundes, in den Tod treibt.] Die Originalität </rel><e1>Tieck</e1>s in der Behandlung dieses Themas - eine Gesamtinterpretation des Romans ist damit natürlich keineswegs intendiert - liegt in der perspektivischen Vervielfältigung des Konflikts der verschiedenen Wertesysteme.;Tieck topicInterest Verführung;topicInterest;SH;;Tieck; schlüpft Lovell auch in die oben skizzierte Rolle des heuchlerisch-empfindsamen Verführers, der die empfindsame Emilie Burton, die Schwester seines einstigen Seelenfreundes, in den Tod treibt.] Die Originalität ;Verführter;
Baasner, Frank;Libertinage und Empfindsamkeit;39;[Selbst ein Verführter, schlüpft Lovell auch in die oben skizzierte Rolle des heuchlerisch-empfindsamen Verführers, der die empfindsame Emilie Burton, die Schwester seines einstigen Seelenfreundes, in den <e2>Tod</e2><rel>treibt.] Die Originalität </rel><e1>Tieck</e1>s in der Behandlung dieses Themas - eine Gesamtinterpretation des Romans ist damit natürlich keineswegs intendiert - liegt in der perspektivischen Vervielfältigung des Konflikts der verschiedenen Wertesysteme.;Tieck topicInterest Tod;topicInterest;SH;;Tieck;treibt.] Die Originalität ;Tod;RSU
Baasner, Frank;Libertinage und Empfindsamkeit;39;[Selbst ein Verführter, schlüpft Lovell auch in die oben skizzierte Rolle des heuchlerisch-empfindsamen Verführers, der die empfindsame Emilie Burton, die Schwester seines einstigen Seelenfreundes, in den Tod treibt.] Die Originalität <e1>Tieck</e1><rel> in der Behandlung dieses Themas - eine Gesamtinterpretation des Romans ist damit natürlich keineswegs intendiert - liegt in der perspektivischen Vervielfältigung des Konflikts der verschiedenen </rel><e2>Wertesysteme</e2>.;Tieck topicInterest Wertvorstellung;topicInterest;SH;;Tieck; in der Behandlung dieses Themas - eine Gesamtinterpretation des Romans ist damit natürlich keineswegs intendiert - liegt in der perspektivischen Vervielfältigung des Konflikts der verschiedenen ;Wertesysteme;
Baasner, Frank;Libertinage und Empfindsamkeit;40;Viel früher schon als Tieck und auch in wesentlich knapperer Form hatte <e1>Denis Diderot</e1><rel>die Relativität von </rel><e2>Empfindsamkeit</e2> und Libertinage in einer Erzählung verdeutlicht: es handelt sich um die berühmte Geschichte der Marquise de la Pommeraye, die als einzige halbwegs zusammenhängende eingeschobene Erzählung in Jacques le fataliste (entstanden ab 1771, teilweise veröffentlicht ab 1778) publiziert wurde;Denis Diderot topicInterest Empfindsamkeit;topicInterest;SH;;Denis Diderot;die Relativität von ;Empfindsamkeit;
Baasner, Frank;Libertinage und Empfindsamkeit;40;Viel früher schon als Tieck und auch in wesentlich knapperer Form hatte <e1>Denis Diderot</e1><rel>die Relativität von Empfindsamkeit und </rel><e2>Libertinage</e2> in einer Erzählung verdeutlicht: es handelt sich um die berühmte Geschichte der Marquise de la Pommeraye, die als einzige halbwegs zusammenhängende eingeschobene Erzählung in Jacques le fataliste (entstanden ab 1771, teilweise veröffentlicht ab 1778) publiziert wurde;Denis Diderot topicInterest Libertinage;topicInterest;SH;;Denis Diderot;die Relativität von Empfindsamkeit und ;Libertinage;
Baasner, Frank;Libertinage und Empfindsamkeit;40;Viel früher schon als Tieck und auch in wesentlich knapperer Form hatte Denis Diderot die Relativität von Empfindsamkeit und <e2>Libertinage</e2><rel>in einer Erzählung verdeutlicht: es handelt sich um die berühmte Geschichte der Marquise de la Pommeraye, die als einzige halbwegs zusammenhängende eingeschobene Erzählung in </rel><e1>Jacques le fataliste</e1> (entstanden ab 1771, teilweise veröffentlicht ab 1778) publiziert wurde;Jacques le fataliste about Libertinage;about;SH;;Jacques le fataliste;in einer Erzählung verdeutlicht: es handelt sich um die berühmte Geschichte der Marquise de la Pommeraye, die als einzige halbwegs zusammenhängende eingeschobene Erzählung in ;Libertinage;
Baasner, Frank;Libertinage und Empfindsamkeit;40;Viel früher schon als Tieck und auch in wesentlich knapperer Form hatte Denis Diderot die Relativität von Empfindsamkeit und <e2>Libertinage</e2><rel>in einer Erzählung verdeutlicht: es handelt sich um die berühmte Geschichte der Marquise de la Pommeraye, die als einzige halbwegs zusammenhängende eingeschobene Erzählung in </rel><e1>Jacques le fataliste</e1> (entstanden ab 1771, teilweise veröffentlicht ab 1778) publiziert wurde;Jacques le fataliste about Libertinage;about;SH;;Jacques le fataliste;in einer Erzählung verdeutlicht: es handelt sich um die berühmte Geschichte der Marquise de la Pommeraye, die als einzige halbwegs zusammenhängende eingeschobene Erzählung in ;Libertinage;
Baasner, Frank;Libertinage und Empfindsamkeit;40;[Viel früher schon als Tieck und auch in wesentlich knapperer Form hatte <e1>Denis Diderot</e1><rel>die Relativität von Empfindsamkeit und Libertinage in einer Erzählung verdeutlicht: es handelt sich um die berühmte Geschichte der Marquise de la Pommeraye, die als einzige halbwegs zusammenhängende eingeschobene Erzählung in Jacques le fataliste (entstanden ab 1771, teilweise veröffentlicht ab 1778) publiziert wurde] Der </rel><e2>Liebeskampf</e2> zwischen Mme de la Pommeraye und dem Marquis des Arcis ist in mehrfacher Hinsicht bemerkenswert.;Denis Diderot topicInterest Liebesbeziehung;topicInterest;SH;;Denis Diderot;die Relativität von Empfindsamkeit und Libertinage in einer Erzählung verdeutlicht: es handelt sich um die berühmte Geschichte der Marquise de la Pommeraye, die als einzige halbwegs zusammenhängende eingeschobene Erzählung in Jacques le fataliste (entstanden ab 1771, teilweise veröffentlicht ab 1778) publiziert wurde] Der ;Liebeskampf;
Baasner, Frank;Libertinage und Empfindsamkeit;40;[Viel früher schon als Tieck und auch in wesentlich knapperer Form hatte Denis Diderot die Relativität von Empfindsamkeit und Libertinage in einer Erzählung verdeutlicht: es handelt sich um die berühmte Geschichte der Marquise de la Pommeraye, die als einzige halbwegs zusammenhängende eingeschobene Erzählung in <e1>Jacques le fataliste</e1><rel>(entstanden ab 1771, teilweise veröffentlicht ab 1778) publiziert wurde] Der </rel><e2>Liebeskampf</e2> zwischen Mme de la Pommeraye und dem Marquis des Arcis ist in mehrfacher Hinsicht bemerkenswert.;Jacques le fataliste about Liebesbeziehung;about;SH;;Jacques le fataliste;(entstanden ab 1771, teilweise veröffentlicht ab 1778) publiziert wurde] Der ;Liebeskampf;
Baasner, Frank;Libertinage und Empfindsamkeit;40;Aber <e1>Diderot</e1> <rel>macht einen weiteren, unvorhersehbaren Schritt, eine erneute Kehrtwendung, die auch die</rel> <e2>rächende Planung</e2> der Marquise zerstört.;Denis Diderot topicInterest Rache;topicInterest;SH;;Diderot;macht einen weiteren, unvorhersehbaren Schritt, eine erneute Kehrtwendung, die auch die;rächende Planung;
Baasner, Frank;Libertinage und Empfindsamkeit;40-41;[Aber <e1>Diderot</e1><rel>macht einen weiteren, unvorhersehbaren Schritt, eine erneute Kehrtwendung, die auch die rächende Planung der Marquise zerstört.] Die junge Aisnon wird nämlich tatsächlich </rel><e2>tugendhaft</e2> und der einst libertinäre Marquis ist zum treuen Ehegattendasein bekehrt.;Denis Diderot topicInterest Tugend;topicInterest;SH;;Diderot;macht einen weiteren, unvorhersehbaren Schritt, eine erneute Kehrtwendung, die auch die rächende Planung der Marquise zerstört.] Die junge Aisnon wird nämlich tatsächlich ;tugendhaft;
Baasner, Frank;Libertinage und Empfindsamkeit;41;Eine doppelte <e2>Ironisierung</e2><rel>also, die in der Tat dem dramatischen, rührseligen Klischee widerspricht. Le Maître weist die Wirtin, welche die Geschichte in </rel><e1>Jacques le fataliste</e1> zum besten gegeben hatte, deshalb zurecht.;Jacques le fataliste about Ironie;about;SH;;Jacques le fataliste;also, die in der Tat dem dramatischen, rührseligen Klischee widerspricht. Le Maître weist die Wirtin, welche die Geschichte in ;Ironisierung;
Baasner, Frank;Libertinage und Empfindsamkeit;41;Zu einem Zeitpunkt, als die berühmtesten Werke, deren Thema gerade der unversöhnliche Konflikt zwischen Libertinage und <e2>Empfindsamkeit</e2><rel>ist, zum Teil noch nicht erschienen waren, sieht </rel><e1>Diderot</e1> die Begrenztheit sich absolut setzender Systeme.;Denis Diderot topicInterest Empfindsamkeit;topicInterest;SH;;Diderot;ist, zum Teil noch nicht erschienen waren, sieht ;Empfindsamkeit;
Baasner, Frank;Libertinage und Empfindsamkeit;41;Zu einem Zeitpunkt, als die berühmtesten Werke, deren Thema gerade der unversöhnliche Konflikt zwischen <e2>Libertinage</e2><rel>und Empfindsamkeit ist, zum Teil noch nicht erschienen waren, sieht </rel><e1>Diderot</e1> die Begrenztheit sich absolut setzender Systeme.;Denis Diderot topicInterest Libertinage;topicInterest;SH;;Diderot;und Empfindsamkeit ist, zum Teil noch nicht erschienen waren, sieht ;Libertinage;
